0.98936895 0.06410553 0.13053571 0.96039184 -0.12543815 -0.07798593 0.98903158 1.07981477 0.07358234 -0.99489129 -0.06911558 0.26853675 0.00000000 0.00000000 0.00000000 1.00000000
0.98245770 0.05471386 0.17827859 0.97255181 -0.17363601 -0.08033392 0.98152789 1.10944739 0.06802500 -0.99526522 -0.06942438 0.26596356 0.00000000 0.00000000 0.00000000 1.00000000
0.97421787 0.04674528 0.22071345 0.98898019 -0.21612890 -0.08724296 0.97245924 1.13499813 0.06471358 -0.99508972 -0.07489064 0.25660993 0.00000000 0.00000000 0.00000000 1.00000000
0.96903323 0.02972013 0.24513531 1.01246362 -0.24151263 -0.09273838 0.96595613 1.14945878 0.05144179 -0.99524686 -0.08268879 0.25289945 0.00000000 0.00000000 0.00000000 1.00000000
0.96831066 0.02046901 0.24890859 1.02762393 -0.24624231 -0.08817340 0.96518919 1.16689159 0.04170359 -0.99589481 -0.08033891 0.25840271 0.00000000 0.00000000 0.00000000 1.00000000
0.97175899 0.01820000 0.23527266 1.03652849 -0.23302247 -0.08322881 0.96890324 1.18382051 0.03721550 -0.99636425 -0.07663733 0.26278894 0.00000000 0.00000000 0.00000000 1.00000000
0.97963480 0.02554233 0.19915634 1.03796712 -0.19630551 -0.08656615 0.97671411 1.19609062 0.04218775 -0.99591862 -0.07978912 0.25561570 0.00000000 0.00000000 0.00000000 1.00000000
0.98805607 0.03577489 0.14988446 1.04055202 -0.14568569 -0.10005411 0.98425853 1.20861343 0.05020830 -0.99433864 -0.09364718 0.24320764 0.00000000 0.00000000 0.00000000 1.00000000
0.99328115 0.04641781 0.10600915 1.03673943 -0.10030498 -0.11155970 0.98868263 1.22636772 0.05771883 -0.99267307 -0.10615421 0.23676274 0.00000000 0.00000000 0.00000000 1.00000000
0.99577973 0.05681127 0.07207785 1.02536357 -0.06496394 -0.11841965 0.99083625 1.24954490 0.06482610 -0.99133711 -0.11422920 0.23821623 0.00000000 0.00000000 0.00000000 1.00000000
0.99532780 0.06951978 0.06700433 1.01130033 -0.05933055 -0.10711704 0.99247460 1.26197294 0.07617392 -0.99181296 -0.10249192 0.24396754 0.00000000 0.00000000 0.00000000 1.00000000
0.99355217 0.06966552 0.08944722 1.00426623 -0.08303417 -0.09006943 0.99246805 1.27334145 0.07719726 -0.99349596 -0.08370406 0.25478881 0.00000000 0.00000000 0.00000000 1.00000000
0.98944183 0.06275305 0.13064039 1.00394407 -0.12593045 -0.07392710 0.98928070 1.28705272 0.07173825 -0.99528731 -0.06524405 0.26640617 0.00000000 0.00000000 0.00000000 1.00000000
0.98231805 0.05662736 0.17845053 1.01573139 -0.17362810 -0.08099747 0.98147475 1.31586618 0.07003237 -0.99510439 -0.06973318 0.26646857 0.00000000 0.00000000 0.00000000 1.00000000
0.97412553 0.05247220 0.21983201 1.02982289 -0.21457249 -0.09075657 0.97248233 1.33104823 0.07097948 -0.99448978 -0.07714921 0.25989569 0.00000000 0.00000000 0.00000000 1.00000000
0.99527087 0.06594078 0.07132817 1.03803438 -0.06443491 -0.10133101 0.99276390 1.49532097 0.07269138 -0.99266502 -0.09660291 0.24161851 0.00000000 0.00000000 0.00000000 1.00000000
0.99281991 0.06557666 0.10004164 1.02573348 -0.09501561 -0.07574264 0.99259009 1.51070046 0.07266816 -0.99496872 -0.06896799 0.25159982 0.00000000 0.00000000 0.00000000 1.00000000
0.98676387 0.06454829 0.14876352 1.03107547 -0.14434224 -0.06848998 0.98715472 1.52869549 0.07390796 -0.99556147 -0.05826639 0.25508587 0.00000000 0.00000000 0.00000000 1.00000000
0.97778157 0.06006614 0.20083638 1.04619574 -0.19654940 -0.07039422 0.97796369 1.54896130 0.07288022 -0.99570915 -0.05702421 0.25472658 0.00000000 0.00000000 0.00000000 1.00000000
0.96825882 0.04490510 0.24588288 1.07616040 -0.24158797 -0.08418436 0.96672036 1.57411510 0.06411017 -0.99543786 -0.07066372 0.24796804 0.00000000 0.00000000 0.00000000 1.00000000
0.96202634 0.02936408 0.27137257 1.08894771 -0.26772504 -0.09220719 0.95907306 1.59243840 0.05318480 -0.99530678 -0.08084424 0.23956819 0.00000000 0.00000000 0.00000000 1.00000000
0.95842298 0.01517476 0.28494757 1.09489990 -0.28228875 -0.09548931 0.95456527 1.60758891 0.04169475 -0.99531478 -0.08723548 0.23239814 0.00000000 0.00000000 0.00000000 1.00000000
0.96058246 0.00942317 0.27783546 1.10500411 -0.27605909 -0.08541464 0.95733783 1.62169617 0.03275237 -0.99630093 -0.07944646 0.23709602 0.00000000 0.00000000 0.00000000 1.00000000
0.96719179 0.01500757 0.25360367 1.11889308 -0.25168098 -0.07932916 0.96455356 1.63628950 0.03459377 -0.99673550 -0.07294939 0.23366172 0.00000000 0.00000000 0.00000000 1.00000000
0.97583678 0.02871474 0.21660575 1.13548426 -0.21394555 -0.07579734 0.97390044 1.65116725 0.04438344 -0.99670970 -0.06782244 0.22437761 0.00000000 0.00000000 0.00000000 1.00000000
0.98465941 0.04270377 0.16918108 1.14107228 -0.16475167 -0.09180726 0.98205311 1.67975223 0.05746942 -0.99486070 -0.08336336 0.22372432 0.00000000 0.00000000 0.00000000 1.00000000
0.99088486 0.05418161 0.12333510 1.13321488 -0.11708059 -0.10645244 0.98740063 1.69976171 0.06662828 -0.99284049 -0.09913850 0.22612008 0.00000000 0.00000000 0.00000000 1.00000000
0.99489682 0.06186712 0.07970430 1.10711013 -0.07187814 -0.11979439 0.99019333 1.70827261 0.07080854 -0.99086920 -0.11473617 0.23274057 0.00000000 0.00000000 0.00000000 1.00000000
0.99584111 0.06675478 0.06200221 1.08852770 -0.05379059 -0.11846790 0.99149984 1.71944569 0.07353262 -0.99071144 -0.11438442 0.23307106 0.00000000 0.00000000 0.00000000 1.00000000
0.99569796 0.06984592 0.06088610 1.07376847 -0.05305836 -0.10891824 0.99263368 1.73397521 0.07596302 -0.99159385 -0.10474376 0.23124886 0.00000000 0.00000000 0.00000000 1.00000000
0.99349443 0.06974824 0.09002224 1.06798576 -0.08380377 -0.08746792 0.99263603 1.75297283 0.07710868 -0.99372257 -0.08105373 0.22749673 0.00000000 0.00000000 0.00000000 1.00000000
0.99301256 0.04248371 0.11009627 1.16392421 -0.10463143 -0.11448457 0.98789956 1.92173281 0.05457396 -0.99251621 -0.10923948 0.24122935 0.00000000 0.00000000 0.00000000 1.00000000
0.99551879 0.05945282 0.07353704 1.14552448 -0.06566797 -0.12492715 0.98999037 1.95551242 0.06804450 -0.99038304 -0.12046318 0.23739880 0.00000000 0.00000000 0.00000000 1.00000000
0.99556708 0.07262943 0.05975910 1.13956123 -0.05069332 -0.12082307 0.99137882 1.98558570 0.07922355 -0.99001351 -0.11660564 0.23252856 0.00000000 0.00000000 0.00000000 1.00000000
0.99464756 0.07185361 0.07425158 1.13710808 -0.06672064 -0.10206799 0.99253740 2.00642931 0.07889611 -0.99217901 -0.09672756 0.23754672 0.00000000 0.00000000 0.00000000 1.00000000
0.99248057 0.06644901 0.10279521 1.13577171 -0.09730804 -0.08112392 0.99194257 2.01991937 0.07425275 -0.99448652 -0.07404789 0.24172752 0.00000000 0.00000000 0.00000000 1.00000000
0.98752731 0.06008230 0.14553326 1.13453340 -0.14133639 -0.06903900 0.98755134 2.01983448 0.06938183 -0.99580306 -0.05968609 0.23300879 0.00000000 0.00000000 0.00000000 1.00000000
0.97987702 0.05562589 0.19169451 1.12977143 -0.18739950 -0.07426436 0.97947243 2.02437606 0.06872010 -0.99568598 -0.06234567 0.23158745 0.00000000 0.00000000 0.00000000 1.00000000
0.97010335 0.04890993 0.23771268 1.13160537 -0.23302091 -0.08603599 0.96865838 2.03696565 0.06782886 -0.99509076 -0.07206676 0.23508438 0.00000000 0.00000000 0.00000000 1.00000000
0.95978372 0.03223600 0.27888359 1.16448193 -0.27469675 -0.09717924 0.95660749 2.07445482 0.05793889 -0.99474471 -0.08441593 0.24694542 0.00000000 0.00000000 0.00000000 1.00000000
0.95518467 0.02305679 0.29511122 1.19331845 -0.29194929 -0.09119917 0.95207580 2.10562977 0.04886571 -0.99556572 -0.08038063 0.24439387 0.00000000 0.00000000 0.00000000 1.00000000
0.95518748 0.02025905 0.29530738 1.21956001 -0.29292127 -0.07885594 0.95287925 2.13144722 0.04259117 -0.99668015 -0.06938790 0.23494849 0.00000000 0.00000000 0.00000000 1.00000000
0.96197839 0.03171573 0.27127789 1.24254670 -0.26834381 -0.07529164 0.96037637 2.14409517 0.05088399 -0.99665705 -0.06391821 0.22553356 0.00000000 0.00000000 0.00000000 1.00000000
0.97212464 0.03493699 0.23184713 1.25781860 -0.22836695 -0.08296205 0.97003394 2.16176456 0.05312458 -0.99594011 -0.07267100 0.22697010 0.00000000 0.00000000 0.00000000 1.00000000
0.98257063 0.03412239 0.18273098 1.26632536 -0.17867520 -0.09783677 0.97903174 2.18293425 0.05128471 -0.99461733 -0.09003471 0.23372336 0.00000000 0.00000000 0.00000000 1.00000000
0.99046976 0.03682631 0.13271575 1.25582098 -0.12770488 -0.11535211 0.98508139 2.20843792 0.05158596 -0.99264179 -0.10954987 0.22916191 0.00000000 0.00000000 0.00000000 1.00000000
0.95069180 0.01595793 0.30972641 1.30233392 -0.30730774 -0.08612226 0.94770507 2.38214854 0.04179775 -0.99615677 -0.07697173 0.22812373 0.00000000 0.00000000 0.00000000 1.00000000
0.95831218 0.01539695 0.28530807 1.31830366 -0.28349679 -0.07317494 0.95617728 2.38609725 0.03559961 -0.99720026 -0.06575945 0.24281067 0.00000000 0.00000000 0.00000000 1.00000000
0.97460362 0.02345750 0.22270503 1.31957552 -0.22024589 -0.07941262 0.97220645 2.38928010 0.04049112 -0.99656579 -0.07222940 0.24291347 0.00000000 0.00000000 0.00000000 1.00000000
0.98690405 0.03307369 0.15788137 1.31280599 -0.15431406 -0.09150976 0.98377494 2.40506717 0.04698475 -0.99525479 -0.08520762 0.23662631 0.00000000 0.00000000 0.00000000 1.00000000
0.99461349 0.04497132 0.09338948 1.29759129 -0.08810855 -0.10776494 0.99026441 2.43190809 0.05459761 -0.99315875 -0.10322210 0.22400428 0.00000000 0.00000000 0.00000000 1.00000000
0.99656343 0.06210321 0.05481348 1.26104363 -0.04722763 -0.11764195 0.99193242 2.46706763 0.06805056 -0.99111229 -0.11430468 0.19859005 0.00000000 0.00000000 0.00000000 1.00000000
0.99622374 0.07388565 0.04559788 1.23364506 -0.03674235 -0.11706924 0.99244385 2.49946194 0.07866546 -0.99037150 -0.11391243 0.18643302 0.00000000 0.00000000 0.00000000 1.00000000
0.99492637 0.07965906 0.06144871 1.21635779 -0.05277480 -0.10675951 0.99288329 2.52822212 0.08565238 -0.99108872 -0.10201386 0.18707686 0.00000000 0.00000000 0.00000000 1.00000000
0.99096965 0.07036520 0.11413980 1.22641655 -0.10887858 -0.07455789 0.99125505 2.54359868 0.07825988 -0.99473105 -0.06622334 0.21433442 0.00000000 0.00000000 0.00000000 1.00000000
0.98292100 0.05671728 0.17506988 1.22706521 -0.17195114 -0.05589301 0.98351857 2.55191612 0.06556768 -0.99682452 -0.04518581 0.23828440 0.00000000 0.00000000 0.00000000 1.00000000
0.97030201 0.04253560 0.23812754 1.22644908 -0.23598248 -0.04990161 0.97047519 2.55939733 0.05316269 -0.99784796 -0.03838197 0.25418420 0.00000000 0.00000000 0.00000000 1.00000000
0.95575440 0.03639003 0.29190629 1.24336248 -0.28889071 -0.07096866 0.95472803 2.58130536 0.05545878 -0.99681453 -0.05731587 0.24112723 0.00000000 0.00000000 0.00000000 1.00000000
0.94681281 0.02740862 0.32061545 1.28637907 -0.31706859 -0.09049825 0.94407499 2.60295834 0.05489093 -0.99551938 -0.07699449 0.22094095 0.00000000 0.00000000 0.00000000 1.00000000
0.94334719 0.01876284 0.33127637 1.33700803 -0.32772346 -0.10347274 0.93909037 2.62163880 0.05189807 -0.99445530 -0.09146170 0.20121866 0.00000000 0.00000000 0.00000000 1.00000000
0.95137891 0.01677438 0.30756591 1.37165826 -0.30490965 -0.09032272 0.94808856 2.62697845 0.04368379 -0.99577127 -0.08081646 0.19749006 0.00000000 0.00000000 0.00000000 1.00000000
0.97331286 0.05362187 0.22312950 1.31576206 -0.21922544 -0.07017523 0.97314729 2.85269919 0.06784015 -0.99609243 -0.05654718 0.24156152 0.00000000 0.00000000 0.00000000 1.00000000
0.95730332 0.04162917 0.28607230 1.34616092 -0.28205216 -0.08245479 0.95584925 2.88337196 0.06337924 -0.99572497 -0.06719264 0.22920971 0.00000000 0.00000000 0.00000000 1.00000000
0.94683749 0.02795085 0.32049575 1.37809331 -0.31635213 -0.10020307 0.94333487 2.90234832 0.05848167 -0.99457433 -0.08603372 0.21512249 0.00000000 0.00000000 0.00000000 1.00000000
0.94228577 0.01664225 0.33439581 1.40607931 -0.33126202 -0.09866804 0.93836565 2.90897614 0.04861069 -0.99498123 -0.08746054 0.20668183 0.00000000 0.00000000 0.00000000 1.00000000
0.94381007 0.00813733 0.33038816 1.42984896 -0.32863278 -0.08267950 0.94083187 2.90720355 0.03497218 -0.99654297 -0.07535955 0.20332403 0.00000000 0.00000000 0.00000000 1.00000000
0.95737208 0.00846690 0.28873345 1.43913548 -0.28744335 -0.07086498 0.95517249 2.92415693 0.02854844 -0.99744998 -0.06541039 0.21024909 0.00000000 0.00000000 0.00000000 1.00000000
0.97256172 0.01359815 0.23224728 1.43786795 -0.23056658 -0.07680553 0.97002060 2.94732959 0.03102836 -0.99695336 -0.07156284 0.21648635 0.00000000 0.00000000 0.00000000 1.00000000
0.98616569 0.02413219 0.16399657 1.42751909 -0.16097032 -0.09675403 0.98220528 2.97534981 0.03957009 -0.99501573 -0.09153093 0.22210723 0.00000000 0.00000000 0.00000000 1.00000000
0.99329407 0.03833240 0.10907572 1.41222061 -0.10380601 -0.11969269 0.98736922 3.00261068 0.05090380 -0.99207071 -0.11491090 0.22744080 0.00000000 0.00000000 0.00000000 1.00000000
0.99599111 0.05006867 0.07412719 1.39368995 -0.06710327 -0.12977329 0.98927046 3.02770928 0.05915118 -0.99027876 -0.12589327 0.22246280 0.00000000 0.00000000 0.00000000 1.00000000
0.99660761 0.05884900 0.05753326 1.37300831 -0.04959138 -0.12849476 0.99046948 3.05117503 0.06568086 -0.98996257 -0.12514045 0.20880446 0.00000000 0.00000000 0.00000000 1.00000000
0.99467923 0.06708525 0.07818441 1.36826362 -0.07100458 -0.10344700 0.99209731 3.07818517 0.07464304 -0.99237004 -0.09813322 0.19992301 0.00000000 0.00000000 0.00000000 1.00000000
0.99140748 0.07300783 0.10854058 1.36964565 -0.10279368 -0.07834486 0.99161260 3.09659541 0.08089908 -0.99424944 -0.07016693 0.19264227 0.00000000 0.00000000 0.00000000 1.00000000
0.98598162 0.07699913 0.14802494 1.37667480 -0.14416455 -0.05351586 0.98810558 3.10713195 0.08400496 -0.99559389 -0.04166510 0.18704240 0.00000000 0.00000000 0.00000000 1.00000000
0.97768452 0.06473898 0.19985456 1.38639041 -0.19630347 -0.05728352 0.97886850 3.13033672 0.07481932 -0.99625673 -0.04329672 0.19879044 0.00000000 0.00000000 0.00000000 1.00000000
0.99462326 0.06558169 0.08014739 1.45364448 -0.07165159 -0.12297794 0.98981942 3.32097633 0.07477039 -0.99024011 -0.11761768 0.18102689 0.00000000 0.00000000 0.00000000 1.00000000
0.99486502 0.06983539 0.07325711 1.41770284 -0.06509259 -0.11276710 0.99148703 3.33714470 0.07750188 -0.99116426 -0.10764227 0.18878238 0.00000000 0.00000000 0.00000000 1.00000000
0.99269761 0.06166322 0.10367790 1.42329593 -0.09801941 -0.08862726 0.99123025 3.35644450 0.07031113 -0.99415434 -0.08193587 0.19686516 0.00000000 0.00000000 0.00000000 1.00000000
0.98764715 0.05484959 0.14678089 1.43656064 -0.14270540 -0.07203000 0.98714074 3.38299548 0.06471689 -0.99589317 -0.06331289 0.20275672 0.00000000 0.00000000 0.00000000 1.00000000
0.97795674 0.05015431 0.20269475 1.45672296 -0.19923822 -0.06636618 0.97770121 3.41846862 0.06248800 -0.99653403 -0.05491060 0.20593691 0.00000000 0.00000000 0.00000000 1.00000000
0.96541028 0.04672032 0.25651552 1.47723383 -0.25208274 -0.08409837 0.96404448 3.44880247 0.06661301 -0.99536158 -0.06941205 0.20480465 0.00000000 0.00000000 0.00000000 1.00000000
0.95421862 0.03801952 0.29668391 1.50394490 -0.29180197 -0.09959282 0.95127960 3.46959095 0.06571478 -0.99430166 -0.08393916 0.19998434 0.00000000 0.00000000 0.00000000 1.00000000
0.94715870 0.02327502 0.31991979 1.53836614 -0.31562603 -0.11019448 0.94246347 3.47851388 0.05718925 -0.99363748 -0.09702546 0.19080359 0.00000000 0.00000000 0.00000000 1.00000000
0.94877879 0.01813727 0.31542011 1.56130345 -0.31274267 -0.08778298 0.94577279 3.47842745 0.04484225 -0.99597449 -0.07761433 0.19287254 0.00000000 0.00000000 0.00000000 1.00000000
0.95506118 0.01623115 0.29596400 1.57875709 -0.29410255 -0.07242187 0.95302611 3.48529595 0.03690297 -0.99724201 -0.06439370 0.19738965 0.00000000 0.00000000 0.00000000 1.00000000
0.96572903 0.01776491 0.25894373 1.59006466 -0.25717587 -0.06920331 0.96388354 3.50208324 0.03504307 -0.99744439 -0.06226294 0.20426897 0.00000000 0.00000000 0.00000000 1.00000000
0.97797099 0.02205423 0.20757252 1.58183182 -0.20478034 -0.09142208 0.97452913 3.54519169 0.04046920 -0.99556799 -0.08489187 0.21301498 0.00000000 0.00000000 0.00000000 1.00000000
0.98711761 0.03225478 0.15671139 1.56396769 -0.15228070 -0.11109111 0.98207401 3.58176957 0.04908583 -0.99328666 -0.10474821 0.21301077 0.00000000 0.00000000 0.00000000 1.00000000
0.99289024 0.04925693 0.10836384 1.53536096 -0.10154619 -0.12449134 0.98701078 3.60690108 0.06210748 -0.99099731 -0.11860439 0.20116653 0.00000000 0.00000000 0.00000000 1.00000000
0.99400048 0.06199181 0.09011135 1.51437330 -0.08249855 -0.11598766 0.98981859 3.61572210 0.07181245 -0.99131422 -0.11017756 0.19150252 0.00000000 0.00000000 0.00000000 1.00000000
0.99392039 0.06841268 0.08626679 1.50279856 -0.07913330 -0.10089451 0.99174504 3.62468281 0.07655178 -0.99254219 -0.09486739 0.18617059 0.00000000 0.00000000 0.00000000 1.00000000
0.97776760 0.01617535 0.20906666 1.66846309 -0.20659263 -0.09646316 0.97366028 3.83099979 0.03591653 -0.99520511 -0.09097684 0.20933605 0.00000000 0.00000000 0.00000000 1.00000000
0.98668303 0.02643837 0.16049176 1.65219975 -0.15641688 -0.11640723 0.98080738 3.84709632 0.04461335 -0.99284962 -0.11072164 0.19799822 0.00000000 0.00000000 0.00000000 1.00000000
0.99184345 0.03843356 0.12152954 1.63181061 -0.11593835 -0.12413367 0.98546899 3.86498195 0.05296099 -0.99152090 -0.11866525 0.19278985 0.00000000 0.00000000 0.00000000 1.00000000
0.99407632 0.05114093 0.09590034 1.60816132 -0.08953869 -0.11478806 0.98934651 3.88452471 0.06160431 -0.99207273 -0.10952900 0.19909350 0.00000000 0.00000000 0.00000000 1.00000000
0.99466345 0.06018437 0.08380017 1.58687492 -0.07778232 -0.09619229 0.99231898 3.91364961 0.06778302 -0.99354159 -0.09099767 0.19744328 0.00000000 0.00000000 0.00000000 1.00000000
0.99435344 0.06194757 0.08616105 1.58144972 -0.08129160 -0.07724315 0.99369269 3.93382319 0.06821220 -0.99508592 -0.07177118 0.19267649 0.00000000 0.00000000 0.00000000 1.00000000
0.99272939 0.05437337 0.10738668 1.59809424 -0.10415971 -0.05906623 0.99280508 3.93991817 0.06032508 -0.99677215 -0.05297327 0.18465999 0.00000000 0.00000000 0.00000000 1.00000000
0.98856145 0.05455968 0.14060403 1.59381992 -0.13713948 -0.06277223 0.98856078 3.94886897 0.06276159 -0.99653544 -0.05457193 0.18125264 0.00000000 0.00000000 0.00000000 1.00000000
0.98372205 0.05080177 0.17236622 1.59321248 -0.16848867 -0.07269925 0.98301902 3.96849215 0.06247000 -0.99605923 -0.06295633 0.17798806 0.00000000 0.00000000 0.00000000 1.00000000
0.97884605 0.04049966 0.20054973 1.60034963 -0.19642646 -0.08823801 0.97654017 4.00250765 0.05724566 -0.99527576 -0.07841622 0.17428025 0.00000000 0.00000000 0.00000000 1.00000000
0.97929037 0.03233262 0.19986240 1.63240141 -0.19644836 -0.08704083 0.97664320 4.02319443 0.04897362 -0.99567992 -0.07888656 0.18899878 0.00000000 0.00000000 0.00000000 1.00000000
0.98352856 0.02815038 0.17854728 1.66086618 -0.17554685 -0.08660174 0.98065460 4.04111528 0.04306830 -0.99584522 -0.08023357 0.20532948 0.00000000 0.00000000 0.00000000 1.00000000
0.99073908 0.02912358 0.13261934 1.68170293 -0.12957801 -0.08901164 0.98756593 4.05681906 0.04056612 -0.99560471 -0.08441354 0.22173606 0.00000000 0.00000000 0.00000000 1.00000000
0.99770361 0.03922800 0.05521477 1.68057351 -0.05105263 -0.10016612 0.99366009 4.08335456 0.04450995 -0.99419712 -0.09793341 0.22454751 0.00000000 0.00000000 0.00000000 1.00000000
0.99839662 0.05229518 -0.02166551 1.67089920 0.02730016 -0.10955931 0.99360528 4.11499376 0.04958710 -0.99260363 -0.11081131 0.21959488 0.00000000 0.00000000 0.00000000 1.00000000
0.99987761 0.01448991 -0.00589940 1.65780483 0.00718595 -0.09040669 0.99587901 4.29901493 0.01389685 -0.99579951 -0.09049975 0.21714999 0.00000000 0.00000000 0.00000000 1.00000000
0.99980992 0.01635189 -0.01061786 1.67437937 0.01167844 -0.06619257 0.99773852 4.32325503 0.01561209 -0.99767287 -0.06637095 0.18233917 0.00000000 0.00000000 0.00000000 1.00000000
0.99905350 0.02582599 -0.03500179 1.67543580 0.03630380 -0.05179817 0.99799749 4.34562760 0.02396124 -0.99832358 -0.05268672 0.15839113 0.00000000 0.00000000 0.00000000 1.00000000
0.99580859 0.04277421 -0.08084315 1.66034044 0.08291139 -0.04901506 0.99535081 4.36548692 0.03861282 -0.99788170 -0.05235609 0.14827859 0.00000000 0.00000000 0.00000000 1.00000000
0.98828447 0.05469673 -0.14248537 1.63640205 0.14650817 -0.07837735 0.98609956 4.38371304 0.04276879 -0.99542215 -0.08547263 0.17482944 0.00000000 0.00000000 0.00000000 1.00000000
0.97973621 0.06046037 -0.19094895 1.61342380 0.19633327 -0.10128723 0.97529182 4.40840156 0.03962582 -0.99301835 -0.11110515 0.19730700 0.00000000 0.00000000 0.00000000 1.00000000
0.97257844 0.05844472 -0.22511195 1.59196924 0.23060970 -0.11677082 0.96601436 4.44061308 0.03017193 -0.99143774 -0.12704670 0.21423523 0.00000000 0.00000000 0.00000000 1.00000000
0.97114260 0.06272650 -0.23010308 1.57341986 0.23586655 -0.10962997 0.96558181 4.46920743 0.03534137 -0.99199126 -0.12126142 0.20985951 0.00000000 0.00000000 0.00000000 1.00000000
0.97285556 0.06975091 -0.22065100 1.56275249 0.22650484 -0.09167211 0.96968643 4.48772512 0.04740896 -0.99334336 -0.10498264 0.19553939 0.00000000 0.00000000 0.00000000 1.00000000
0.97731051 0.08022219 -0.19603205 1.56065843 0.20120951 -0.06248090 0.97755351 4.49515109 0.06617322 -0.99481684 -0.07720471 0.17059154 0.00000000 0.00000000 0.00000000 1.00000000
0.98518908 0.08291990 -0.15008917 1.53827885 0.15494664 -0.05559850 0.98635711 4.49152065 0.07344390 -0.99500407 -0.06762319 0.16821000 0.00000000 0.00000000 0.00000000 1.00000000
0.99124990 0.08266275 -0.10291018 1.53627901 0.10796232 -0.05915923 0.99239323 4.49636118 0.07594587 -0.99482011 -0.06756605 0.17837740 0.00000000 0.00000000 0.00000000 1.00000000
0.99537983 0.07856770 -0.05519158 1.55821517 0.06100136 -0.07357461 0.99542233 4.51109870 0.07414734 -0.99419007 -0.07802742 0.20198293 0.00000000 0.00000000 0.00000000 1.00000000
0.99827720 0.05489330 -0.02072072 1.60662022 0.02580077 -0.09351465 0.99528354 4.53602506 0.05269671 -0.99410348 -0.09476983 0.20243558 0.00000000 0.00000000 0.00000000 1.00000000
0.97387376 0.07562164 -0.21412911 1.52318486 0.22007915 -0.08180099 0.97204618 4.76248368 0.05599175 -0.99377561 -0.09630658 0.19506376 0.00000000 0.00000000 0.00000000 1.00000000
0.98042212 0.08305024 -0.17853606 1.53640031 0.18491765 -0.07678042 0.97975009 4.76411627 0.06766040 -0.99358312 -0.09063468 0.18613219 0.00000000 0.00000000 0.00000000 1.00000000
0.98858022 0.08993574 -0.12091616 1.55711991 0.12812972 -0.07928839 0.98858289 4.77023209 0.07932168 -0.99278644 -0.08990638 0.17496320 0.00000000 0.00000000 0.00000000 1.00000000
0.99418473 0.08867947 -0.06109560 1.56391759 0.06873535 -0.08581988 0.99393682 4.79031229 0.08289858 -0.99235624 -0.09141623 0.16861570 0.00000000 0.00000000 0.00000000 1.00000000
0.99694369 0.07812315 0.00023725 1.55518085 0.00726805 -0.09577174 0.99537679 4.82548535 0.07778470 -0.99233288 -0.09604683 0.16765159 0.00000000 0.00000000 0.00000000 1.00000000
0.99850197 0.04785929 0.02651992 1.59007519 -0.02176158 -0.09734130 0.99501312 4.87049058 0.05020210 -0.99409967 -0.09615399 0.17607441 0.00000000 0.00000000 0.00000000 1.00000000
0.99925424 0.02611534 0.02844209 1.60972568 -0.02591984 -0.09230439 0.99539342 4.91191684 0.02862037 -0.99538831 -0.09155865 0.18307765 0.00000000 0.00000000 0.00000000 1.00000000
0.99988931 0.01419856 0.00444675 1.61131826 -0.00328117 -0.08108385 0.99670188 4.94933345 0.01451230 -0.99660615 -0.08102829 0.18837989 0.00000000 0.00000000 0.00000000 1.00000000
0.99902123 0.01469169 -0.04172206 1.62206858 0.04284519 -0.08697029 0.99528913 4.97593175 0.01099390 -0.99610257 -0.08751463 0.18922166 0.00000000 0.00000000 0.00000000 1.00000000
0.99486639 0.02271935 -0.09861385 1.62507519 0.10033463 -0.09449337 0.99045644 4.98113555 0.01318417 -0.99526621 -0.09628781 0.18942180 0.00000000 0.00000000 0.00000000 1.00000000
0.98531335 0.03889470 -0.16626725 1.61925460 0.16945062 -0.10255047 0.98018870 4.96280058 0.02107336 -0.99396710 -0.10763508 0.18900600 0.00000000 0.00000000 0.00000000 1.00000000
0.97684996 0.06247233 -0.20460051 1.57265121 0.21025232 -0.10389506 0.97211099 4.95449395 0.03947306 -0.99262431 -0.11462484 0.19578872 0.00000000 0.00000000 0.00000000 1.00000000
0.97215426 0.08051963 -0.22007426 1.54163208 0.22756580 -0.10017334 0.96859646 4.95409906 0.05594546 -0.99170656 -0.11570745 0.18954751 0.00000000 0.00000000 0.00000000 1.00000000
0.97304021 0.09209631 -0.21144982 1.52933844 0.21975539 -0.09194959 0.97121205 4.96236449 0.07000232 -0.99149561 -0.10970931 0.16882526 0.00000000 0.00000000 0.00000000 1.00000000
0.99348638 0.06663833 0.09243452 1.66238688 -0.08669849 -0.08436454 0.99265603 5.20385354 0.07394714 -0.99420418 -0.07803758 0.15787559 0.00000000 0.00000000 0.00000000 1.00000000
0.99592771 0.07844445 0.04443493 1.62952170 -0.03735634 -0.08950571 0.99528550 5.23297077 0.08205181 -0.99289234 -0.08621082 0.15804894 0.00000000 0.00000000 0.00000000 1.00000000
0.99703639 0.07662102 0.00690362 1.58608280 0.00044831 -0.09552249 0.99542717 5.27485588 0.07693009 -0.99247402 -0.09527375 0.16518992 0.00000000 0.00000000 0.00000000 1.00000000
0.99762373 0.06870801 -0.00510823 1.52741414 0.01186480 -0.09829242 0.99508684 5.30697175 0.06786834 -0.99278286 -0.09887406 0.15672185 0.00000000 0.00000000 0.00000000 1.00000000
0.99804296 0.06243930 0.00340434 1.50786198 0.00246600 -0.09369941 0.99559748 5.33136067 0.06248339 -0.99364066 -0.09367001 0.15166548 0.00000000 0.00000000 0.00000000 1.00000000
0.99777125 0.05818059 0.03267338 1.52842092 -0.02787462 -0.08146277 0.99628652 5.34776218 0.06062620 -0.99497680 -0.07965945 0.15023533 0.00000000 0.00000000 0.00000000 1.00000000
0.99639800 0.04861945 0.06947788 1.57471852 -0.06621955 -0.06569284 0.99564021 5.36944098 0.05297168 -0.99665470 -0.06223666 0.15610609 0.00000000 0.00000000 0.00000000 1.00000000
0.99315281 0.04193689 0.10903577 1.61614255 -0.10679626 -0.05237952 0.99290027 5.39096304 0.04735039 -0.99774630 -0.04754217 0.16252836 0.00000000 0.00000000 0.00000000 1.00000000
0.98777825 0.03803048 0.15115491 1.65263491 -0.14956354 -0.04170632 0.98787212 5.41239168 0.04387337 -0.99840586 -0.03550862 0.16952887 0.00000000 0.00000000 0.00000000 1.00000000
0.98052428 0.03317026 0.19357654 1.66328121 -0.19202299 -0.04496384 0.98035984 5.44572073 0.04122274 -0.99843777 -0.03771868 0.17584382 0.00000000 0.00000000 0.00000000 1.00000000
0.97217249 0.02947451 0.23240460 1.67705189 -0.23061575 -0.05403995 0.97154313 5.46082648 0.04119489 -0.99810367 -0.04573887 0.17478879 0.00000000 0.00000000 0.00000000 1.00000000
0.96322891 0.02662600 0.26735953 1.69395562 -0.26505383 -0.06881279 0.96177506 5.45836143 0.04400598 -0.99727421 -0.05922515 0.16672562 0.00000000 0.00000000 0.00000000 1.00000000
0.96400899 0.02638016 0.26455764 1.71461937 -0.26161826 -0.08311505 0.96158607 5.46011150 0.04735552 -0.99619073 -0.07322213 0.17438362 0.00000000 0.00000000 0.00000000 1.00000000
0.96845080 0.03495144 0.24674166 1.71170893 -0.24266140 -0.09314037 0.96562949 5.50106665 0.05673175 -0.99503933 -0.08172050 0.16977311 0.00000000 0.00000000 0.00000000 1.00000000
0.97551314 0.05172150 0.21377327 1.68682395 -0.20804768 -0.09829370 0.97316726 5.57807185 0.07134623 -0.99381248 -0.08512626 0.15370102 0.00000000 0.00000000 0.00000000 1.00000000
0.95734607 0.04638270 0.28519669 1.69491824 -0.27981297 -0.09734867 0.95510624 5.72806324 0.07206392 -0.99416894 -0.08021788 0.17157436 0.00000000 0.00000000 0.00000000 1.00000000
0.96119177 0.01993711 0.27515977 1.74624564 -0.27302730 -0.07434411 0.95912932 5.70697719 0.03957877 -0.99703333 -0.06601557 0.17682732 0.00000000 0.00000000 0.00000000 1.00000000
0.96879011 -0.00504927 0.24783103 1.79542883 -0.24778472 -0.04780033 0.96763519 5.68740759 0.00696055 -0.99884415 -0.04755962 0.17696555 0.00000000 0.00000000 0.00000000 1.00000000
0.98182738 -0.01174101 0.18941265 1.78741946 -0.18977172 -0.05389250 0.98034805 5.72239842 -0.00130236 -0.99847771 -0.05514125 0.18621628 0.00000000 0.00000000 0.00000000 1.00000000
0.99119087 -0.01077288 0.13200226 1.77467605 -0.13242657 -0.06584007 0.98900368 5.76535567 -0.00196337 -0.99777203 -0.06668670 0.19458799 0.00000000 0.00000000 0.00000000 1.00000000
0.99707157 -0.00194448 0.07644935 1.75735595 -0.07634953 -0.08233903 0.99367552 5.81524996 0.00436258 -0.99660248 -0.08224637 0.20176625 0.00000000 0.00000000 0.00000000 1.00000000
0.99862734 0.02476545 0.04615306 1.73333658 -0.04365472 -0.09337339 0.99467365 5.86022512 0.02894301 -0.99532310 -0.09216409 0.19508254 0.00000000 0.00000000 0.00000000 1.00000000
0.99822043 0.04976409 0.03285577 1.70382493 -0.02780017 -0.09908045 0.99469102 5.89020284 0.05275526 -0.99383429 -0.09752068 0.18916855 0.00000000 0.00000000 0.00000000 1.00000000
0.99674536 0.07232402 0.03560785 1.67022552 -0.02826059 -0.10018529 0.99456737 5.90626904 0.07549849 -0.99233671 -0.09781531 0.18406482 0.00000000 0.00000000 0.00000000 1.00000000
0.99531894 0.07066369 0.06593068 1.66892875 -0.05961430 -0.08804623 0.99433093 5.90598881 0.07606804 -0.99360682 -0.08342152 0.18212515 0.00000000 0.00000000 0.00000000 1.00000000
0.99201791 0.06463556 0.10827144 1.66883124 -0.10308067 -0.07886877 0.99154127 5.91186324 0.07262806 -0.99478739 -0.07157656 0.17251441 0.00000000 0.00000000 0.00000000 1.00000000
0.98539180 0.05447779 0.16135419 1.67042690 -0.15728902 -0.07212040 0.98491564 5.92359993 0.06529296 -0.99590703 -0.06249809 0.15658584 0.00000000 0.00000000 0.00000000 1.00000000
0.97538836 0.03125689 0.21826716 1.70562301 -0.21552174 -0.07388277 0.97370001 5.96023061 0.04656102 -0.99677698 -0.06532786 0.17242538 0.00000000 0.00000000 0.00000000 1.00000000
0.96411770 0.00584292 0.26541084 1.75439427 -0.26417825 -0.07758466 0.96134826 5.99002219 0.02620889 -0.99696865 -0.07325718 0.18518738 0.00000000 0.00000000 0.00000000 1.00000000
0.95278681 -0.02100374 0.30291275 1.81480062 -0.30359729 -0.08264255 0.94920961 6.01312322 0.00509653 -0.99635789 -0.08511741 0.19487311 0.00000000 0.00000000 0.00000000 1.00000000
0.98494390 0.06491586 0.16022311 1.74494848 -0.15630747 -0.06150306 0.98579174 6.23412342 0.07384773 -0.99599363 -0.05043023 0.15228437 0.00000000 0.00000000 0.00000000 1.00000000
0.97623595 0.05666630 0.20917050 1.76895109 -0.20549442 -0.06443409 0.97653484 6.25187622 0.06881433 -0.99631179 -0.05125826 0.14956144 0.00000000 0.00000000 0.00000000 1.00000000
0.96397985 0.04027205 0.26290875 1.80379389 -0.25948244 -0.07467858 0.96285615 6.26185295 0.05840984 -0.99639413 -0.06153875 0.16526612 0.00000000 0.00000000 0.00000000 1.00000000
0.95009211 0.01990485 0.31133386 1.84135453 -0.30865057 -0.08520796 0.94735127 6.27010697 0.04538501 -0.99616434 -0.07481177 0.17060714 0.00000000 0.00000000 0.00000000 1.00000000
0.93937007 0.00698608 0.34283388 1.88047680 -0.34112600 -0.08267233 0.93637511 6.27307666 0.03488447 -0.99655230 -0.07527678 0.17603777 0.00000000 0.00000000 0.00000000 1.00000000
0.93354672 0.00135625 0.35845317 1.91947115 -0.35750296 -0.06933904 0.93133438 6.27227492 0.02611792 -0.99759223 -0.06424637 0.18133524 0.00000000 0.00000000 0.00000000 1.00000000
0.94564826 -0.00007613 0.32519126 1.91348605 -0.32453778 -0.06358533 0.94373308 6.29687214 0.02060554 -0.99797640 -0.06015407 0.17815330 0.00000000 0.00000000 0.00000000 1.00000000
0.95972312 -0.00243863 0.28093697 1.91560052 -0.28050483 -0.06443273 0.95768756 6.32119827 0.01576609 -0.99791907 -0.06252163 0.18216933 0.00000000 0.00000000 0.00000000 1.00000000
0.97397820 -0.00491036 0.22658849 1.92409910 -0.22635402 -0.07143160 0.97142235 6.34545998 0.01141554 -0.99743341 -0.07068430 0.19240172 0.00000000 0.00000000 0.00000000 1.00000000
0.98424428 0.00385967 0.17677190 1.90437540 -0.17582801 -0.08407073 0.98082446 6.37585357 0.01864701 -0.99645231 -0.08206750 0.19454042 0.00000000 0.00000000 0.00000000 1.00000000
0.99012393 0.01916510 0.13887872 1.87668739 -0.13661195 -0.09063049 0.98647012 6.41042025 0.03149245 -0.99570016 -0.08711723 0.19063454 0.00000000 0.00000000 0.00000000 1.00000000
0.99282357 0.04000219 0.11269955 1.84157438 -0.10868950 -0.09123402 0.98988027 6.44848355 0.04987941 -0.99502572 -0.08623147 0.18110521 0.00000000 0.00000000 0.00000000 1.00000000
0.99173584 0.06227766 0.11216732 1.79576058 -0.10700446 -0.08083160 0.99096735 6.47865891 0.07078180 -0.99478025 -0.07349961 0.16740327 0.00000000 0.00000000 0.00000000 1.00000000
0.98891967 0.06990434 0.13096287 1.76464880 -0.12653179 -0.06445851 0.98986605 6.49348564 0.07763760 -0.99546898 -0.05489917 0.15699885 0.00000000 0.00000000 0.00000000 1.00000000
0.98372762 0.06468298 0.16761888 1.74778083 -0.16503741 -0.04341585 0.98533127 6.49497711 0.07101148 -0.99696097 -0.03203426 0.15007126 0.00000000 0.00000000 0.00000000 1.00000000
0.98837533 0.02260859 0.15034316 1.93480112 -0.14776746 -0.08976039 0.98494053 6.67983178 0.03576298 -0.99570675 -0.08537614 0.19247664 0.00000000 0.00000000 0.00000000 1.00000000
0.99051265 0.03565482 0.13271558 1.90821978 -0.12919338 -0.08755334 0.98774667 6.71204339 0.04683763 -0.99552154 -0.08211632 0.18544901 0.00000000 0.00000000 0.00000000 1.00000000
0.99051154 0.05108857 0.12758078 1.87911818 -0.12327859 -0.07999335 0.98914279 6.75153258 0.06073950 -0.99548532 -0.07293621 0.16137149 0.00000000 0.00000000 0.00000000 1.00000000
0.98754782 0.05688648 0.14667387 1.87878102 -0.14305844 -0.06314975 0.98769752 6.77212463 0.06544905 -0.99638147 -0.05422531 0.16014419 0.00000000 0.00000000 0.00000000 1.00000000
0.98270199 0.05195029 0.17775816 1.89121248 -0.17517229 -0.05072264 0.98323033 6.79555136 0.06009546 -0.99736071 -0.04074499 0.16553763 0.00000000 0.00000000 0.00000000 1.00000000
0.97486828 0.03746090 0.21960992 1.91434857 -0.21801211 -0.04247743 0.97502122 6.82058226 0.04585363 -0.99839489 -0.03324297 0.17691105 0.00000000 0.00000000 0.00000000 1.00000000
0.96503173 0.02559874 0.26088016 1.90600825 -0.25892094 -0.06223744 0.96389131 6.81500280 0.04091091 -0.99773303 -0.05343305 0.18819619 0.00000000 0.00000000 0.00000000 1.00000000
0.95555141 0.01388252 0.29449750 1.91247950 -0.29269939 -0.07504817 0.95325486 6.81504539 0.03533507 -0.99708327 -0.06764898 0.19135009 0.00000000 0.00000000 0.00000000 1.00000000
0.94707844 0.00304166 0.32098782 1.93325066 -0.31969610 -0.08117643 0.94403643 6.82046737 0.02892809 -0.99669511 -0.07590803 0.18666494 0.00000000 0.00000000 0.00000000 1.00000000
0.94348968 0.00436931 0.33137310 1.99125628 -0.33032000 -0.06833237 0.94139226 6.83560991 0.02675675 -0.99765304 -0.06302762 0.16183980 0.00000000 0.00000000 0.00000000 1.00000000
0.94684058 0.01158546 0.32149448 2.02934643 -0.32027804 -0.06001395 0.94542070 6.86091528 0.03024729 -0.99813030 -0.05311307 0.15871418 0.00000000 0.00000000 0.00000000 1.00000000
0.95590696 0.02342835 0.29273366 2.04961973 -0.29110722 -0.05580001 0.95506175 6.89517017 0.03871006 -0.99816706 -0.04651945 0.17567261 0.00000000 0.00000000 0.00000000 1.00000000
0.96884301 0.01663702 0.24711625 2.07117504 -0.24559861 -0.06441010 0.96722937 6.92499930 0.03200860 -0.99778482 -0.05831724 0.21545514 0.00000000 0.00000000 0.00000000 1.00000000
0.97920006 0.01282656 0.20249128 2.06377069 -0.20094039 -0.07696303 0.97657547 6.95693688 0.02811045 -0.99695144 -0.07278483 0.23117738 0.00000000 0.00000000 0.00000000 1.00000000
0.94302924 0.01323207 0.33244663 2.06429089 -0.33120537 -0.05758129 0.94180008 7.13560593 0.03160467 -0.99825313 -0.04991830 0.16522171 0.00000000 0.00000000 0.00000000 1.00000000
0.94937505 0.01386544 0.31383874 2.07060801 -0.31272667 -0.05310811 0.94835730 7.14808671 0.02981677 -0.99849250 -0.04608342 0.15067259 0.00000000 0.00000000 0.00000000 1.00000000
0.95921547 0.01660969 0.28218753 2.08530495 -0.28082433 -0.05807949 0.95800025 7.15375772 0.03230139 -0.99817378 -0.05104634 0.15529837 0.00000000 0.00000000 0.00000000 1.00000000
0.97078083 0.02150310 0.23900249 2.10542547 -0.23698243 -0.07070848 0.96893738 7.15520791 0.03773466 -0.99726522 -0.06354659 0.17703064 0.00000000 0.00000000 0.00000000 1.00000000
0.98088345 0.02399491 0.19311110 2.09440046 -0.19070683 -0.07888130 0.97847261 7.18817437 0.03871122 -0.99659520 -0.07279737 0.21402646 0.00000000 0.00000000 0.00000000 1.00000000
0.98718763 0.02908375 0.15689077 2.06552452 -0.15408824 -0.08160586 0.98468132 7.22341077 0.04144143 -0.99624024 -0.07607883 0.22589157 0.00000000 0.00000000 0.00000000 1.00000000
0.99082233 0.03615955 0.13024439 2.02536007 -0.12705847 -0.07963119 0.98869359 7.26095650 0.04612223 -0.99616834 -0.07430599 0.21707222 0.00000000 0.00000000 0.00000000 1.00000000
0.99055911 0.04577606 0.12921766 2.02895948 -0.12565958 -0.07355999 0.98934251 7.30613192 0.05479345 -0.99623967 -0.06711332 0.19903972 0.00000000 0.00000000 0.00000000 1.00000000
0.98782129 0.05247153 0.14647813 2.02338259 -0.14279702 -0.06813510 0.98740398 7.34508803 0.06179090 -0.99629531 -0.05981252 0.17690619 0.00000000 0.00000000 0.00000000 1.00000000
0.98240066 0.05595958 0.17820623 2.01167685 -0.17459115 -0.06397399 0.98256056 7.37857872 0.06638424 -0.99638138 -0.05307805 0.15418246 0.00000000 0.00000000 0.00000000 1.00000000
0.97431127 0.04606094 0.22044488 2.00853459 -0.21714944 -0.06732637 0.97381378 7.40215852 0.05969654 -0.99666722 -0.05559473 0.15998915 0.00000000 0.00000000 0.00000000 1.00000000
0.96254189 0.03864310 0.26836508 2.01690078 -0.26521762 -0.07143278 0.96153886 7.39739927 0.05632690 -0.99669658 -0.05850821 0.17738532 0.00000000 0.00000000 0.00000000 1.00000000
0.94728373 0.03214363 0.31877943 2.03598888 -0.31573722 -0.07539857 0.94584621 7.37508724 0.05443844 -0.99663526 -0.06127490 0.20105758 0.00000000 0.00000000 0.00000000 1.00000000
0.93458313 0.01701429 0.35533772 2.08693347 -0.35336436 -0.07095967 0.93279063 7.38244678 0.04108542 -0.99733407 -0.06030547 0.20139936 0.00000000 0.00000000 0.00000000 1.00000000
0.92602473 -0.00021028 0.37746279 2.13456908 -0.37675404 -0.06176933 0.92425156 7.39217537 0.02312127 -0.99809043 -0.05727915 0.18837894 0.00000000 0.00000000 0.00000000 1.00000000
0.93048354 0.03630144 0.36453065 2.16941983 -0.36196606 -0.06209423 0.93012089 7.68811644 0.05639998 -0.99740990 -0.04463777 0.16741431 0.00000000 0.00000000 0.00000000 1.00000000
0.89803626 0.00662078 0.43987161 2.19121749 -0.43867510 -0.06173500 0.89652270 7.70292318 0.03309115 -0.99807062 -0.05253589 0.19035336 0.00000000 0.00000000 0.00000000 1.00000000
0.86001115 -0.02323865 0.50974580 2.22669398 -0.51019350 -0.05703912 0.85816614 7.68907935 0.00913283 -0.99810145 -0.06091049 0.20723503 0.00000000 0.00000000 0.00000000 1.00000000
0.81875433 -0.04983005 0.57197754 2.27008224 -0.57399447 -0.04830589 0.81743311 7.65656229 -0.01310284 -0.99758885 -0.06815283 0.21807800 0.00000000 0.00000000 0.00000000 1.00000000
0.79044083 -0.05295262 0.61024529 2.30866573 -0.61219001 -0.03469695 0.78994906 7.62050512 -0.02065623 -0.99799406 -0.05984295 0.21217738 0.00000000 0.00000000 0.00000000 1.00000000
0.77472322 -0.04434130 0.63074384 2.34138593 -0.63202927 -0.02509006 0.77453824 7.62194649 -0.01851864 -0.99870133 -0.04746285 0.20689995 0.00000000 0.00000000 0.00000000 1.00000000
0.76931723 -0.02718103 0.63828848 2.36773925 -0.63882883 -0.02181399 0.76903958 7.65138880 -0.00697967 -0.99939249 -0.03414590 0.19961966 0.00000000 0.00000000 0.00000000 1.00000000
0.77821064 0.00185087 0.62800062 2.37170128 -0.62721278 -0.04787019 0.77737544 7.71758464 0.03150133 -0.99885185 -0.03609221 0.17297562 0.00000000 0.00000000 0.00000000 1.00000000
0.78679109 0.02440805 0.61673660 2.36775215 -0.61409851 -0.06939984 0.78617217 7.76045589 0.06199035 -0.99729028 -0.03961423 0.16054435 0.00000000 0.00000000 0.00000000 1.00000000
0.79341869 0.04044538 0.60733101 2.36044012 -0.60285485 -0.08545139 0.79326168 7.78676386 0.08398105 -0.99552109 -0.04341604 0.15733769 0.00000000 0.00000000 0.00000000 1.00000000
0.78667556 0.03762152 0.61621927 2.36454628 -0.61213232 -0.08216839 0.78647465 7.79754399 0.08022211 -0.99590812 -0.04161051 0.15700474 0.00000000 0.00000000 0.00000000 1.00000000
0.76539698 0.02296519 0.64314856 2.35014841 -0.64052307 -0.06976361 0.76476352 7.80322123 0.06243130 -0.99729917 -0.03868712 0.14829839 0.00000000 0.00000000 0.00000000 1.00000000
0.72997385 0.00273262 0.68346961 2.32996308 -0.68251008 -0.05020570 0.72914976 7.80469000 0.03630656 -0.99873516 -0.03478381 0.14026427 0.00000000 0.00000000 0.00000000 1.00000000
0.66654189 -0.00846907 0.74541947 2.35155185 -0.74535555 -0.02490632 0.66620176 7.79995820 0.01292355 -0.99965392 -0.02291357 0.17576163 0.00000000 0.00000000 0.00000000 1.00000000
0.32530543 -0.08213441 0.94203520 2.62996916 -0.94529722 -0.00266625 0.32619941 7.83725324 -0.02428049 -0.99661770 -0.07850877 0.23445573 0.00000000 0.00000000 0.00000000 1.00000000
0.34451172 -0.04138970 0.93786916 2.61934762 -0.93877795 -0.01224967 0.34430495 7.84137249 -0.00276209 -0.99906798 -0.04307589 0.24618887 0.00000000 0.00000000 0.00000000 1.00000000
0.30178738 -0.00234281 0.95337238 2.59227291 -0.95324564 -0.01723045 0.30170492 7.86288491 0.01572020 -0.99984880 -0.00743320 0.22387487 0.00000000 0.00000000 0.00000000 1.00000000
0.20682775 -0.00211540 0.97837508 2.56234258 -0.97830786 -0.01236726 0.20678680 7.87499632 0.01166238 -0.99992128 -0.00462741 0.19274746 0.00000000 0.00000000 0.00000000 1.00000000
0.07800225 -0.02434183 0.99665597 2.53862869 -0.99694368 0.00246026 0.07808486 7.87565762 -0.00435276 -0.99970067 -0.02407553 0.15941884 0.00000000 0.00000000 0.00000000 1.00000000
-0.05850595 -0.05111246 0.99697772 2.56796244 -0.99796520 0.02835245 -0.05711035 7.84303483 -0.02534771 -0.99829037 -0.05266725 0.14515872 0.00000000 0.00000000 0.00000000 1.00000000
-0.13556948 -0.06275220 0.98877858 2.65377335 -0.99013909 0.04412997 -0.13295534 7.79179536 -0.03529153 -0.99705301 -0.06811609 0.16408402 0.00000000 0.00000000 0.00000000 1.00000000
-0.16450373 -0.07154773 0.98377815 2.76480612 -0.98562303 0.05089832 -0.16111051 7.73932716 -0.03854557 -0.99613768 -0.07889206 0.19671072 0.00000000 0.00000000 0.00000000 1.00000000
-0.10426670 -0.11095140 0.98834116 2.82469539 -0.99402970 0.04374713 -0.09995576 7.74687129 -0.03214686 -0.99286252 -0.11485036 0.19216788 0.00000000 0.00000000 0.00000000 1.00000000
-0.02218529 -0.13243262 0.99094370 2.84807433 -0.99942135 0.02850029 -0.01856623 7.77222749 -0.02578341 -0.99078218 -0.13298827 0.18792844 0.00000000 0.00000000 0.00000000 1.00000000
0.06726494 -0.13239717 0.98891173 2.84222921 -0.99759997 0.00739049 0.06884536 7.80974740 -0.01642348 -0.99116919 -0.13158230 0.18411891 0.00000000 0.00000000 0.00000000 1.00000000
0.12385893 -0.06743464 0.99000583 2.78564069 -0.99222493 -0.02067555 0.12272823 7.86001942 0.01219278 -0.99750944 -0.06947118 0.18059266 0.00000000 0.00000000 0.00000000 1.00000000
0.10945870 0.01071428 0.99393360 2.75601973 -0.99335836 -0.03450094 0.10976726 7.89394050 0.03546772 -0.99934723 0.00686669 0.17592580 0.00000000 0.00000000 0.00000000 1.00000000
0.04691476 0.08400592 0.99536024 2.74642599 -0.99781236 -0.04252290 0.05061917 7.91227766 0.04657791 -0.99555754 0.08182720 0.17079665 0.00000000 0.00000000 0.00000000 1.00000000
0.00332884 0.04816655 0.99883377 2.89279730 -0.99887917 -0.04700106 0.00559552 7.87610550 0.04721576 -0.99773287 0.04795611 0.18384025 0.00000000 0.00000000 0.00000000 1.00000000
-0.07894543 0.05919025 0.99512016 2.92699698 -0.99672473 -0.02224421 -0.07774963 7.82222609 0.01753364 -0.99799885 0.06075247 0.20953207 0.00000000 0.00000000 0.00000000 1.00000000
-0.15506083 0.04765627 0.98675479 2.98626508 -0.98781497 0.00599949 -0.15551718 7.76112118 -0.01333139 -0.99884578 0.04614529 0.22904301 0.00000000 0.00000000 0.00000000 1.00000000
-0.19156108 -0.00908441 0.98143865 3.08052805 -0.98105232 0.03131272 -0.19119584 7.70993102 -0.02899461 -0.99946835 -0.01491058 0.20551135 0.00000000 0.00000000 0.00000000 1.00000000
-0.18930133 -0.04940573 0.98067532 3.14482361 -0.98129254 0.04518997 -0.18714383 7.69629435 -0.03507071 -0.99775595 -0.05703600 0.19427351 0.00000000 0.00000000 0.00000000 1.00000000
-0.16414761 -0.07970936 0.98321004 3.18811656 -0.98577838 0.04963852 -0.16055218 7.70675585 -0.03600758 -0.99558146 -0.08672381 0.19007935 0.00000000 0.00000000 0.00000000 1.00000000
-0.12870986 -0.10066724 0.98655962 3.20291713 -0.99124479 0.04260743 -0.12497350 7.73751647 -0.02945403 -0.99400740 -0.10526987 0.18716735 0.00000000 0.00000000 0.00000000 1.00000000
-0.07838596 -0.10218510 0.99167225 3.18485717 -0.99673958 0.02711848 -0.07599213 7.75979075 -0.01912738 -0.99439569 -0.10397764 0.20447626 0.00000000 0.00000000 0.00000000 1.00000000
-0.02173450 -0.08781881 0.99589933 3.14674155 -0.99974927 0.00727605 -0.02117691 7.77653348 -0.00538648 -0.99610989 -0.08795494 0.23188306 0.00000000 0.00000000 0.00000000 1.00000000
0.02565025 -0.04595451 0.99861416 3.09515208 -0.99958445 -0.01432196 0.02501610 7.78841417 0.01315251 -0.99884086 -0.04630277 0.25552098 0.00000000 0.00000000 0.00000000 1.00000000
0.03718134 -0.01021959 0.99925628 3.09283711 -0.99881024 -0.03195424 0.03683794 7.78967919 0.03155400 -0.99943708 -0.01139554 0.24052968 0.00000000 0.00000000 0.00000000 1.00000000
0.02262503 0.01826551 0.99957715 3.12139334 -0.99877423 -0.04361533 0.02340385 7.78364816 0.04402437 -0.99888141 0.01725633 0.20915988 0.00000000 0.00000000 0.00000000 1.00000000
-0.00345939 -0.02426460 0.99969959 3.41574864 -0.99984589 -0.01712254 -0.00387549 7.73838120 0.01721143 -0.99955893 -0.02420163 0.24880209 0.00000000 0.00000000 0.00000000 1.00000000
0.00754595 -0.01634630 0.99983792 3.40655752 -0.99966295 -0.02496100 0.00713655 7.75627716 0.02484030 -0.99955477 -0.01652915 0.22573692 0.00000000 0.00000000 0.00000000 1.00000000
-0.00390448 -0.00540240 0.99997778 3.39668202 -0.99954701 -0.02982061 -0.00406390 7.76767818 0.02984190 -0.99954067 -0.00528352 0.21144692 0.00000000 0.00000000 0.00000000 1.00000000
-0.05803650 0.01054238 0.99825880 3.43474758 -0.99808157 -0.02221072 -0.05779164 7.75190106 0.02156278 -0.99969773 0.01181119 0.22927975 0.00000000 0.00000000 0.00000000 1.00000000
-0.11475536 0.01559401 0.99327138 3.48445103 -0.99332667 -0.01342337 -0.11455101 7.73653720 0.01154674 -0.99978830 0.01703035 0.24482547 0.00000000 0.00000000 0.00000000 1.00000000
-0.16786165 0.01168308 0.98574133 3.53360612 -0.98581041 -0.00255188 -0.16784317 7.72076188 0.00055457 -0.99992849 0.01194566 0.25548632 0.00000000 0.00000000 0.00000000 1.00000000
-0.19765892 -0.01108076 0.98020823 3.55151664 -0.98019456 0.01470947 -0.19748988 7.70231436 -0.01223001 -0.99983041 -0.01376876 0.24731598 0.00000000 0.00000000 0.00000000 1.00000000
-0.20567310 -0.02343787 0.97834004 3.53793113 -0.97842386 0.02497763 -0.20509234 7.69196110 -0.01962969 -0.99941322 -0.02806939 0.24124733 0.00000000 0.00000000 0.00000000 1.00000000
-0.19981607 -0.02876165 0.97941120 3.51441383 -0.97957373 0.02887563 -0.19900125 7.68829424 -0.02255751 -0.99916914 -0.03394397 0.23866458 0.00000000 0.00000000 0.00000000 1.00000000
-0.17892439 -0.02390354 0.98357241 3.51786370 -0.98374395 0.01988665 -0.17847230 7.69729577 -0.01529384 -0.99951645 -0.02707317 0.24764266 0.00000000 0.00000000 0.00000000 1.00000000
-0.15263270 -0.02065262 0.98806717 3.53711538 -0.98827162 0.00798457 -0.15249739 7.69875340 -0.00473982 -0.99975483 -0.02162911 0.25786361 0.00000000 0.00000000 0.00000000 1.00000000
-0.12736502 -0.01917478 0.99167055 3.56562792 -0.99183137 -0.00457161 -0.12747407 7.69440778 0.00697782 -0.99980570 -0.01843589 0.26711546 0.00000000 0.00000000 0.00000000 1.00000000
-0.12005899 -0.02348990 0.99248882 3.60156098 -0.99263417 -0.01349778 -0.12039604 7.68008667 0.01622448 -0.99963295 -0.02169634 0.26888038 0.00000000 0.00000000 0.00000000 1.00000000
-0.15289135 -0.02155939 0.98800781 3.61510238 -0.98808695 -0.01443166 -0.15321851 7.67995267 0.01756189 -0.99966340 -0.01909608 0.25251770 0.00000000 0.00000000 0.00000000 1.00000000
-0.21310171 -0.02001448 0.97682500 3.62676784 -0.97694542 -0.00879180 -0.21330812 7.68410127 0.01285730 -0.99976103 -0.01767950 0.23065979 0.00000000 0.00000000 0.00000000 1.00000000
-0.63143544 -0.01803392 0.77521872 3.79678964 -0.77523986 0.03672899 -0.63059824 7.54962483 -0.01710084 -0.99916253 -0.03717260 0.22303157 0.00000000 0.00000000 0.00000000 1.00000000
-0.67655848 -0.00280286 0.73638357 3.80480660 -0.73605658 0.03261342 -0.67613392 7.53224070 -0.02212088 -0.99946411 -0.02412795 0.22242155 0.00000000 0.00000000 0.00000000 1.00000000
-0.73421097 0.01754062 0.67869477 3.81065331 -0.67794446 0.03466707 -0.73429524 7.51009731 -0.03640835 -0.99924498 -0.01356137 0.23584719 0.00000000 0.00000000 0.00000000 1.00000000
-0.80112631 0.03939468 0.59719737 3.81614352 -0.59520644 0.05202159 -0.80188718 7.48506054 -0.06265725 -0.99786864 -0.01822789 0.26580699 0.00000000 0.00000000 0.00000000 1.00000000
-0.86045748 0.05658662 0.50637029 3.82047409 -0.50235048 0.07194090 -0.86166612 7.44797961 -0.08518751 -0.99580242 -0.03347577 0.26856867 0.00000000 0.00000000 0.00000000 1.00000000
-0.90680200 0.07012258 0.41568372 3.82112811 -0.40926440 0.08994581 -0.90797159 7.41119758 -0.10105832 -0.99347500 -0.05286436 0.25822146 0.00000000 0.00000000 0.00000000 1.00000000
-0.93268187 0.07212936 0.35341462 3.80980636 -0.34609672 0.09701453 -0.93316946 7.39927431 -0.10159527 -0.99266587 -0.06551995 0.24583116 0.00000000 0.00000000 0.00000000 1.00000000
-0.94881487 0.06122696 0.30984126 3.80084435 -0.30368880 0.09255874 -0.94826473 7.39173462 -0.08673788 -0.99382299 -0.06922717 0.23711543 0.00000000 0.00000000 0.00000000 1.00000000
-0.95912230 0.04326423 0.27966519 3.79411745 -0.27556782 0.08209240 -0.95776992 7.38471904 -0.06439557 -0.99568521 -0.06681442 0.22618303 0.00000000 0.00000000 0.00000000 1.00000000
-0.96283235 0.02208370 0.26919541 3.79184871 -0.26724802 0.06655271 -0.96132681 7.37191167 -0.03914534 -0.99753849 -0.05817728 0.19888975 0.00000000 0.00000000 0.00000000 1.00000000
-0.96353987 0.00923246 0.26740546 3.77649485 -0.26638496 0.06064951 -0.96195670 7.34426328 -0.02509924 -0.99811643 -0.05597883 0.17927322 0.00000000 0.00000000 0.00000000 1.00000000
-0.96323040 0.00118748 0.26867411 3.75862396 -0.26813698 0.05910543 -0.96156597 7.30955628 -0.01702194 -0.99825104 -0.05661374 0.16564641 0.00000000 0.00000000 0.00000000 1.00000000
-0.96379629 -0.00255011 0.26662748 3.75502862 -0.26632177 0.05802216 -0.96213624 7.27305465 -0.01301675 -0.99831204 -0.05660070 0.16267776 0.00000000 0.00000000 0.00000000 1.00000000
-0.96368760 0.01355252 0.26668808 3.78318140 -0.26593035 0.04192579 -0.96308010 7.25289976 -0.02423327 -0.99902881 -0.03679934 0.18110741 0.00000000 0.00000000 0.00000000 1.00000000
-0.96380389 0.03933498 0.26369457 3.82543022 -0.26295858 0.02293183 -0.96453456 7.24426207 -0.04398695 -0.99896291 -0.01175831 0.20863097 0.00000000 0.00000000 0.00000000 1.00000000
-0.96682735 0.06853392 0.24606497 3.86753584 -0.24530102 0.01947990 -0.96925123 7.25331074 -0.07121991 -0.99745859 -0.00202226 0.23510010 0.00000000 0.00000000 0.00000000 1.00000000
-0.93805460 0.02500567 0.34558398 3.90081903 -0.34488491 0.02843157 -0.93821428 7.08443349 -0.03328618 -0.99928292 -0.01804629 0.23500864 0.00000000 0.00000000 0.00000000 1.00000000
-0.93624810 0.04774466 0.34808036 3.90886197 -0.34765830 0.01714490 -0.93746454 7.10029465 -0.05072673 -0.99871242 0.00054695 0.26088412 0.00000000 0.00000000 0.00000000 1.00000000
-0.93557279 0.06468942 0.34715824 3.91176357 -0.34678394 0.01728896 -0.93778569 7.09432227 -0.06666682 -0.99775567 0.00625818 0.26393921 0.00000000 0.00000000 0.00000000 1.00000000
-0.93427344 0.07329549 0.34894257 3.90588233 -0.34819515 0.02315527 -0.93713605 7.07279424 -0.07676770 -0.99704143 0.00388778 0.26177074 0.00000000 0.00000000 0.00000000 1.00000000
-0.93199747 0.07129838 0.35538327 3.90415095 -0.35374011 0.03491003 -0.93469205 7.04072209 -0.07904847 -0.99684394 -0.00731496 0.25745831 0.00000000 0.00000000 0.00000000 1.00000000
-0.92632941 0.04242280 0.37431821 3.93332800 -0.37166706 0.05919274 -0.92647710 6.99461573 -0.06146067 -0.99734474 -0.03906481 0.25354758 0.00000000 0.00000000 0.00000000 1.00000000
-0.89609371 0.00500465 0.44383670 3.97155008 -0.44249878 0.06832000 -0.89416285 6.97597771 -0.03479789 -0.99765091 -0.05900657 0.25137289 0.00000000 0.00000000 0.00000000 1.00000000
-0.84966056 -0.02888213 0.52653847 4.00345800 -0.52724673 0.06427335 -0.84727789 6.97035130 -0.00937120 -0.99751429 -0.06983854 0.25290585 0.00000000 0.00000000 0.00000000 1.00000000
-0.80567858 -0.03484431 0.59132724 3.99710209 -0.59235097 0.04480802 -0.80443307 6.96829761 0.00153371 -0.99838776 -0.05674093 0.26647021 0.00000000 0.00000000 0.00000000 1.00000000
-0.78346775 -0.01935071 0.62113109 3.98463046 -0.62143149 0.02614703 -0.78303208 6.95084721 -0.00108851 -0.99947080 -0.03251050 0.28266022 0.00000000 0.00000000 0.00000000 1.00000000
-0.77654393 0.00592064 0.63003530 3.97269285 -0.62997405 0.00951677 -0.77655787 6.92959673 -0.01059362 -0.99993719 -0.00366034 0.29280039 0.00000000 0.00000000 0.00000000 1.00000000
-0.78788812 0.03384026 0.61488791 3.97258914 -0.61531092 -0.00273244 -0.78827977 6.91951393 -0.02499545 -0.99942352 0.02297514 0.27601938 0.00000000 0.00000000 0.00000000 1.00000000
-0.80267951 0.04499002 0.59471128 3.98045594 -0.59532697 -0.00035746 -0.80348346 6.92393293 -0.03593615 -0.99898737 0.02707070 0.27681782 0.00000000 0.00000000 0.00000000 1.00000000
-0.81874182 0.04562048 0.57234658 3.99453378 -0.57251357 0.01061197 -0.81982656 6.92527628 -0.04347460 -0.99890248 0.01742988 0.28035897 0.00000000 0.00000000 0.00000000 1.00000000
-0.78442366 0.01749196 0.61997867 4.12669642 -0.61994532 0.00792330 -0.78460501 6.74452981 -0.01863656 -0.99981561 0.00462884 0.28663640 0.00000000 0.00000000 0.00000000 1.00000000
-0.81072076 0.02823739 0.58475166 4.14552654 -0.58507540 -0.00417169 -0.81096817 6.72729579 -0.02046022 -0.99959254 0.01990307 0.27742852 0.00000000 0.00000000 0.00000000 1.00000000
-0.83634421 0.03240622 0.54724602 4.16572245 -0.54770472 -0.00677037 -0.83664431 6.71028990 -0.02340742 -0.99945185 0.02341140 0.27025747 0.00000000 0.00000000 0.00000000 1.00000000
-0.85855113 0.02276292 0.51222243 4.20447752 -0.51204089 0.01363599 -0.85885283 6.70066445 -0.02653466 -0.99964789 -0.00005165 0.27599382 0.00000000 0.00000000 0.00000000 1.00000000
-0.86666802 0.02097983 0.49844396 4.20902460 -0.49753015 0.03724433 -0.86664676 6.68189573 -0.03674632 -0.99908594 -0.02184038 0.27032526 0.00000000 0.00000000 0.00000000 1.00000000
-0.86817194 0.02244261 0.49575580 4.19788037 -0.49379957 0.06035743 -0.86747851 6.66118677 -0.04939103 -0.99792450 -0.04131848 0.25931638 0.00000000 0.00000000 0.00000000 1.00000000
-0.86447346 0.02486150 0.50206329 4.17816037 -0.49902226 0.07779944 -0.86308981 6.64600541 -0.06051795 -0.99665900 -0.05484911 0.24533655 0.00000000 0.00000000 0.00000000 1.00000000
-0.84952666 0.02153787 0.52710585 4.18119549 -0.52409917 0.07956912 -0.84793208 6.63476719 -0.06020400 -0.99659665 -0.05630810 0.25294705 0.00000000 0.00000000 0.00000000 1.00000000
-0.82989139 0.01425498 0.55774284 4.19594210 -0.55546301 0.07269939 -0.82835720 6.62341239 -0.05235578 -0.99725202 -0.05241448 0.26571609 0.00000000 0.00000000 0.00000000 1.00000000
-0.81128440 0.00063078 0.58465137 4.22133832 -0.58367779 0.05682237 -0.80999473 6.60641231 -0.03373221 -0.99838410 -0.04573093 0.26779800 0.00000000 0.00000000 0.00000000 1.00000000
-0.80273954 0.00375361 0.59631798 4.20168129 -0.59541380 0.05035926 -0.80183936 6.57691145 -0.03303993 -0.99872411 -0.03819041 0.26824275 0.00000000 0.00000000 0.00000000 1.00000000
-0.80416772 0.01291896 0.59426205 4.16090444 -0.59312088 0.04817573 -0.80367078 6.53722598 -0.03901160 -0.99875533 -0.03107886 0.26671086 0.00000000 0.00000000 0.00000000 1.00000000
-0.82605341 0.02148472 0.56318218 4.10538061 -0.56181938 0.04779784 -0.82587793 6.47831166 -0.04466265 -0.99862594 -0.02741304 0.26031959 0.00000000 0.00000000 0.00000000 1.00000000
-0.85835770 0.02570082 0.51240759 4.10217452 -0.51061025 0.05452488 -0.85808170 6.41531495 -0.04999237 -0.99818160 -0.03367875 0.25978179 0.00000000 0.00000000 0.00000000 1.00000000
-0.89346668 0.03128175 0.44803877 4.12133861 -0.44550586 0.06473631 -0.89293546 6.35727358 -0.05693696 -0.99741198 -0.04390353 0.26014170 0.00000000 0.00000000 0.00000000 1.00000000
-0.98929305 0.03803305 0.14089981 4.26722140 -0.13987246 0.02845501 -0.98976058 6.18133375 -0.04165292 -0.99887126 -0.02283057 0.25532368 0.00000000 0.00000000 0.00000000 1.00000000
-0.98398359 0.04013750 0.17368154 4.27211717 -0.17331537 0.01245570 -0.98478761 6.19143173 -0.04169023 -0.99911653 -0.00529976 0.26786274 0.00000000 0.00000000 0.00000000 1.00000000
-0.97834611 0.04059265 0.20295598 4.27123436 -0.20309313 0.00075945 -0.97915913 6.21848411 -0.03990079 -0.99917549 0.00750108 0.26374979 0.00000000 0.00000000 0.00000000 1.00000000
-0.97468426 0.03669657 0.22055376 4.27406165 -0.22066442 0.00105733 -0.97534922 6.25269620 -0.03602517 -0.99932589 0.00706706 0.23312156 0.00000000 0.00000000 0.00000000 1.00000000
-0.97458966 0.04438632 0.21955602 4.26315984 -0.21869088 0.02354846 -0.97551001 6.27124063 -0.04846951 -0.99873686 -0.01324320 0.24535851 0.00000000 0.00000000 0.00000000 1.00000000
-0.97593598 0.05441870 0.21115769 4.23971615 -0.20838847 0.05239999 -0.97664143 6.27443188 -0.06421222 -0.99714234 -0.03979881 0.26757952 0.00000000 0.00000000 0.00000000 1.00000000
-0.97817344 0.05860608 0.19935410 4.19205464 -0.19468566 0.07682686 -0.97785230 6.24656024 -0.07262384 -0.99532053 -0.06374023 0.27415025 0.00000000 0.00000000 0.00000000 1.00000000
-0.98068880 0.04991987 0.18909650 4.17334815 -0.18396022 0.09278238 -0.97854487 6.20463134 -0.06639365 -0.99443423 -0.08180737 0.26776841 0.00000000 0.00000000 0.00000000 1.00000000
-0.98195201 0.03738550 0.18539842 4.18256126 -0.18090887 0.10021208 -0.97838107 6.15268923 -0.05515642 -0.99426348 -0.09164009 0.25820298 0.00000000 0.00000000 0.00000000 1.00000000
-0.97922340 0.02684159 0.20100017 4.24713093 -0.19789344 0.08989502 -0.97609276 6.08496839 -0.04426880 -0.99558948 -0.08271553 0.25283697 0.00000000 0.00000000 0.00000000 1.00000000
-0.97306858 0.02305430 0.22936006 4.31606723 -0.22748865 0.06467937 -0.97163033 6.03575901 -0.03723512 -0.99763975 -0.05769287 0.25390902 0.00000000 0.00000000 0.00000000 1.00000000
-0.96512609 0.02237018 0.26082793 4.37953614 -0.25994339 0.03609675 -0.96494894 6.01105317 -0.03100113 -0.99909789 -0.02902294 0.25754889 0.00000000 0.00000000 0.00000000 1.00000000
-0.95710808 0.02230697 0.28887111 4.42220366 -0.28864376 0.01288551 -0.95734985 6.04191890 -0.02507783 -0.99966813 -0.00589406 0.26277109 0.00000000 0.00000000 0.00000000 1.00000000
-0.95416369 0.02089689 0.29855481 4.41508790 -0.29827272 0.01559036 -0.95435335 6.07954166 -0.02459759 -0.99966007 -0.00864278 0.27662147 0.00000000 0.00000000 0.00000000 1.00000000
-0.95482247 0.01894862 0.29657207 4.38895449 -0.29592166 0.03099928 -0.95470907 6.10905968 -0.02728394 -0.99933978 -0.02399150 0.28864022 0.00000000 0.00000000 0.00000000 1.00000000
-0.88535730 0.04519715 0.46270905 4.32099143 -0.46291026 0.00653902 -0.88638103 5.91570236 -0.04308757 -0.99895668 0.01513285 0.27471257 0.00000000 0.00000000 0.00000000 1.00000000
-0.89288480 0.04507961 0.44802295 4.31806824 -0.44787785 0.01383521 -0.89398771 5.89818108 -0.04649911 -0.99888759 0.00783691 0.28546329 0.00000000 0.00000000 0.00000000 1.00000000
-0.91808117 0.03880468 0.39448849 4.31174810 -0.39372999 0.02588057 -0.91886174 5.87553585 -0.04586573 -0.99891160 -0.00848190 0.29290325 0.00000000 0.00000000 0.00000000 1.00000000
-0.95260174 0.03057775 0.30267959 4.30207397 -0.30140533 0.04017084 -0.95264953 5.85941780 -0.04128877 -0.99872484 -0.02905052 0.28065400 0.00000000 0.00000000 0.00000000 1.00000000
-0.97845710 0.02526298 0.20489870 4.29514536 -0.20322051 0.05700791 -0.97747201 5.83634239 -0.03637471 -0.99805405 -0.05064584 0.26340196 0.00000000 0.00000000 0.00000000 1.00000000
-0.99358285 0.02708454 0.10981600 4.29519441 -0.10767643 0.07072252 -0.99166734 5.80499618 -0.03462531 -0.99712825 -0.06735232 0.25290063 0.00000000 0.00000000 0.00000000 1.00000000
-0.99858543 0.04355636 0.03049571 4.31351111 -0.02730985 0.07195374 -0.99703402 5.75689893 -0.04562146 -0.99645647 -0.07066244 0.26648812 0.00000000 0.00000000 0.00000000 1.00000000
-0.99792528 0.06406612 0.00637635 4.29780697 -0.00258608 0.05907154 -0.99825040 5.66275630 -0.06433069 -0.99619581 -0.05878330 0.28634377 0.00000000 0.00000000 0.00000000 1.00000000
-0.99649428 0.08024455 0.02366372 4.27961900 -0.02019570 0.04375785 -0.99883802 5.57133280 -0.08118678 -0.99581427 -0.04198386 0.30378197 0.00000000 0.00000000 0.00000000 1.00000000
-0.99092426 0.08138212 0.10698631 4.28534526 -0.10450441 0.03418057 -0.99393688 5.52992824 -0.08454554 -0.99609670 -0.02536557 0.30900529 0.00000000 0.00000000 0.00000000 1.00000000
-0.97800799 0.05616726 0.20086215 4.32761677 -0.19936775 0.03110924 -0.97943081 5.51622111 -0.06126061 -0.99793660 -0.01922714 0.29258317 0.00000000 0.00000000 0.00000000 1.00000000
-0.95499175 0.02517667 0.29556201 4.38363728 -0.29491375 0.02651641 -0.95515588 5.53065194 -0.03188489 -0.99933128 -0.01789800 0.27447258 0.00000000 0.00000000 0.00000000 1.00000000
-0.92278798 0.00135204 0.38530575 4.44648752 -0.38522403 0.01765284 -0.92265423 5.59783877 -0.00804920 -0.99984326 -0.01576899 0.27069587 0.00000000 0.00000000 0.00000000 1.00000000
-0.99093902 0.02848819 0.13125654 4.38364798 -0.12926834 0.06301365 -0.98960546 5.42173469 -0.03646302 -0.99760599 -0.05876006 0.28000061 0.00000000 0.00000000 0.00000000 1.00000000
-0.97309336 0.01800553 0.22970659 4.38283369 -0.22826673 0.06036516 -0.97172545 5.45642170 -0.03136271 -0.99801395 -0.05463087 0.27167568 0.00000000 0.00000000 0.00000000 1.00000000
-0.94425526 0.01428601 0.32890412 4.37366805 -0.32807505 0.04220654 -0.94370831 5.49225237 -0.02736373 -0.99900677 -0.03516687 0.28023528 0.00000000 0.00000000 0.00000000 1.00000000
-0.91422287 0.01809016 0.40480771 4.41826607 -0.40463437 0.01255348 -0.91439239 5.49816699 -0.02162325 -0.99975755 -0.00415678 0.28536415 0.00000000 0.00000000 0.00000000 1.00000000
-0.90095588 0.02545540 0.43316340 4.47536812 -0.43350497 -0.00964449 -0.90109956 5.47268497 -0.01876021 -0.99962943 0.01972430 0.29011454 0.00000000 0.00000000 0.00000000 1.00000000
-0.93392548 0.03256461 0.35598137 4.52347277 -0.35630217 -0.00444805 -0.93436020 5.38851369 -0.02884366 -0.99945973 0.01575699 0.29720935 0.00000000 0.00000000 0.00000000 1.00000000
-0.96780179 0.04984712 0.24672853 4.50657092 -0.24637827 0.01314955 -0.96908454 5.30363185 -0.05155044 -0.99867029 -0.00044491 0.29846910 0.00000000 0.00000000 0.00000000 1.00000000
-0.99002575 0.07062209 0.12190788 4.46098507 -0.11987589 0.03234570 -0.99226182 5.24811700 -0.07401880 -0.99697857 -0.02355719 0.29589710 0.00000000 0.00000000 0.00000000 1.00000000
-0.99585561 0.08967514 -0.01516484 4.38964247 0.01967703 0.04964906 -0.99857287 5.27121512 -0.08879424 -0.99473280 -0.05120783 0.28796046 0.00000000 0.00000000 0.00000000 1.00000000
-0.98653365 0.10123561 -0.12846287 4.28422355 0.13478407 0.05826640 -0.98916039 5.24128388 -0.09265318 -0.99315476 -0.07112671 0.30164647 0.00000000 0.00000000 0.00000000 1.00000000
-0.97514587 0.10091269 -0.19724897 4.18822668 0.20404884 0.06210699 -0.97698864 5.19106353 -0.08634002 -0.99295486 -0.08115449 0.31541594 0.00000000 0.00000000 0.00000000 1.00000000
-0.98221268 0.07535955 -0.17198603 4.14268225 0.17665597 0.06039834 -0.98241779 5.12851968 -0.06364689 -0.99532556 -0.07263673 0.31289283 0.00000000 0.00000000 0.00000000 1.00000000
-0.99423791 0.05284283 -0.09326634 4.18296628 0.09630243 0.05815882 -0.99365155 5.09145354 -0.04708310 -0.99690781 -0.06291259 0.29732821 0.00000000 0.00000000 0.00000000 1.00000000
-0.98680189 0.09290420 -0.13263043 4.47947304 0.13969577 0.07417453 -0.98741239 5.11524777 -0.08189696 -0.99290833 -0.08617389 0.32635812 0.00000000 0.00000000 0.00000000 1.00000000
-0.97345290 0.07894896 -0.21484069 4.42370742 0.22000302 0.06376030 -0.97341322 5.03056948 -0.06315165 -0.99483752 -0.07943666 0.30734269 0.00000000 0.00000000 0.00000000 1.00000000
-0.96330574 0.07450240 -0.25785935 4.33540399 0.26197008 0.05184807 -0.96368224 4.98900980 -0.05842713 -0.99587207 -0.06946295 0.30180121 0.00000000 0.00000000 0.00000000 1.00000000
-0.95977365 0.07607683 -0.27027180 4.26459137 0.27400415 0.04366519 -0.96073674 4.97064972 -0.06128833 -0.99614540 -0.06275407 0.30103415 0.00000000 0.00000000 0.00000000 1.00000000
-0.96794582 0.08594640 -0.23599597 4.25605248 0.24046290 0.04583214 -0.96957568 4.97847261 -0.07251534 -0.99524501 -0.06502995 0.30267824 0.00000000 0.00000000 0.00000000 1.00000000
-0.98097955 0.06949015 -0.18124637 4.31724291 0.18509938 0.05368003 -0.98125260 4.98083180 -0.05845808 -0.99613733 -0.06552159 0.30966850 0.00000000 0.00000000 0.00000000 1.00000000
-0.99145228 0.04689772 -0.12174964 4.39485212 0.12439310 0.05830958 -0.99051822 4.99015809 -0.03935387 -0.99719637 -0.06364492 0.31253598 0.00000000 0.00000000 0.00000000 1.00000000
-0.99771637 0.02502660 -0.06273533 4.47330906 0.06402860 0.05474358 -0.99644542 5.01664812 -0.02150328 -0.99818676 -0.05622098 0.30408805 0.00000000 0.00000000 0.00000000 1.00000000
-0.99957153 0.02622763 -0.01299471 4.53447575 0.01395142 0.03663004 -0.99923150 5.07097863 -0.02573148 -0.99898466 -0.03698026 0.31756557 0.00000000 0.00000000 0.00000000 1.00000000
-0.99910473 0.04134859 0.00894561 4.55813181 -0.00808136 0.02102158 -0.99974636 5.09778709 -0.04152615 -0.99892361 -0.02066860 0.33373704 0.00000000 0.00000000 0.00000000 1.00000000
-0.99723469 0.07224332 -0.01743195 4.51863547 0.01851767 0.01438621 -0.99972503 5.06285729 -0.07197268 -0.99728328 -0.01568420 0.34661266 0.00000000 0.00000000 0.00000000 1.00000000
-0.99295413 0.09455798 -0.07142053 4.45770272 0.07349843 0.01867313 -0.99712050 4.99364491 -0.09295205 -0.99534421 -0.02549143 0.33787262 0.00000000 0.00000000 0.00000000 1.00000000
-0.98591810 0.10652742 -0.12890849 4.39765627 0.13209224 0.02336209 -0.99096208 4.92781074 -0.10255306 -0.99403527 -0.03710455 0.31990629 0.00000000 0.00000000 0.00000000 1.00000000
-0.99429009 0.08280528 -0.06730906 4.29270780 0.06890694 0.01658955 -0.99748515 4.85668676 -0.08148041 -0.99642766 -0.02220068 0.33573897 0.00000000 0.00000000 0.00000000 1.00000000
-0.99218652 0.10110199 -0.07310466 4.35990916 0.07547239 0.01979072 -0.99695148 4.83384719 -0.09934699 -0.99467920 -0.02726649 0.34375947 0.00000000 0.00000000 0.00000000 1.00000000
-0.98946898 0.11262082 -0.09092688 4.41651436 0.09400191 0.02229080 -0.99532244 4.80920906 -0.11006720 -0.99338798 -0.03264263 0.35410046 0.00000000 0.00000000 0.00000000 1.00000000
-0.98608179 0.11351292 -0.12148055 4.45667879 0.12480731 0.02264870 -0.99192246 4.78511840 -0.10984464 -0.99327834 -0.03650071 0.36531462 0.00000000 0.00000000 0.00000000 1.00000000
-0.98387122 0.09493698 -0.15160602 4.46836578 0.15503453 0.02980091 -0.98745947 4.78167191 -0.08922842 -0.99503712 -0.04403877 0.34468953 0.00000000 0.00000000 0.00000000 1.00000000
-0.98077162 0.07684089 -0.17939486 4.44885667 0.18276818 0.03932620 -0.98236920 4.75198051 -0.06843121 -0.99626750 -0.05261409 0.32036916 0.00000000 0.00000000 0.00000000 1.00000000
-0.97699575 0.06277325 -0.20381076 4.38860613 0.20707169 0.05070323 -0.97701100 4.68041888 -0.05099629 -0.99673903 -0.06253540 0.29621786 0.00000000 0.00000000 0.00000000 1.00000000
-0.97297832 0.06255449 -0.22226139 4.29629954 0.22560003 0.05255879 -0.97280121 4.60970434 -0.04917129 -0.99665667 -0.06525086 0.28746271 0.00000000 0.00000000 0.00000000 1.00000000
-0.97268618 0.05989179 -0.22426452 4.23729102 0.22730903 0.04999893 -0.97253828 4.55694171 -0.04703407 -0.99695190 -0.06224721 0.28545279 0.00000000 0.00000000 0.00000000 1.00000000
-0.97783344 0.05169036 -0.20290358 4.23202153 0.20513567 0.04227743 -0.97782001 4.53048920 -0.04196562 -0.99776787 -0.05194382 0.29104214 0.00000000 0.00000000 0.00000000 1.00000000
-0.98418429 0.04598749 -0.17107434 4.28172234 0.17253283 0.02984764 -0.98455144 4.52179919 -0.04017088 -0.99849600 -0.03730993 0.30870053 0.00000000 0.00000000 0.00000000 1.00000000
-0.98950104 0.04623813 -0.13692966 4.33953360 0.13785039 0.01733356 -0.99030138 4.52718937 -0.04341620 -0.99878005 -0.02352552 0.32736214 0.00000000 0.00000000 0.00000000 1.00000000
-0.99334348 0.05479066 -0.10132480 4.40110422 0.10179563 0.00586472 -0.99478804 4.55079019 -0.05391086 -0.99848064 -0.01140313 0.34566905 0.00000000 0.00000000 0.00000000 1.00000000
-0.99305897 0.06406454 -0.09863886 4.42571183 0.09962356 0.01235448 -0.99494850 4.57322873 -0.06252229 -0.99786928 -0.01865107 0.32782536 0.00000000 0.00000000 0.00000000 1.00000000
-0.99147176 0.07354163 -0.10758891 4.43436915 0.10918459 0.01802152 -0.99385811 4.58297329 -0.07115103 -0.99712931 -0.02589744 0.31787798 0.00000000 0.00000000 0.00000000 1.00000000
-0.98820570 0.08325691 -0.12852152 4.42534839 0.13056680 0.01958275 -0.99124610 4.57430047 -0.08001128 -0.99633569 -0.03022237 0.32516251 0.00000000 0.00000000 0.00000000 1.00000000
-0.98462170 0.04640684 -0.16842362 4.35247907 0.16934189 0.01659437 -0.98541765 4.37085130 -0.04293523 -0.99878478 -0.02419780 0.32876549 0.00000000 0.00000000 0.00000000 1.00000000
-0.98707283 0.05218187 -0.15153972 4.40441861 0.15252122 0.01534774 -0.98818102 4.37741205 -0.04923934 -0.99851965 -0.02310818 0.33341919 0.00000000 0.00000000 0.00000000 1.00000000
-0.98796608 0.06377716 -0.14090952 4.44408213 0.14259930 0.02274497 -0.98951913 4.37328160 -0.05990373 -0.99770494 -0.03156583 0.34621289 0.00000000 0.00000000 0.00000000 1.00000000
-0.98669580 0.07395238 -0.14478414 4.45003539 0.14716005 0.02772941 -0.98872392 4.34503714 -0.06910371 -0.99687618 -0.03824333 0.35154286 0.00000000 0.00000000 0.00000000 1.00000000
-0.98582590 0.08179196 -0.14648332 4.43802488 0.14941177 0.03087812 -0.98829280 4.32078927 -0.07631128 -0.99617098 -0.04266113 0.34907202 0.00000000 0.00000000 0.00000000 1.00000000
-0.98598670 0.08635741 -0.14273273 4.40467927 0.14592089 0.03177440 -0.98878586 4.30624783 -0.08085374 -0.99575739 -0.04393049 0.33623022 0.00000000 0.00000000 0.00000000 1.00000000
-0.98650759 0.08538319 -0.13968709 4.34366843 0.14322795 0.03682595 -0.98900435 4.30565751 -0.07930024 -0.99566739 -0.04855834 0.32020087 0.00000000 0.00000000 0.00000000 1.00000000
-0.98652323 0.08328430 -0.14083905 4.27928667 0.14464922 0.04160732 -0.98860783 4.29529693 -0.07647557 -0.99565685 -0.05309360 0.31559818 0.00000000 0.00000000 0.00000000 1.00000000
-0.98570524 0.08044030 -0.14803562 4.21428621 0.15198321 0.04536190 -0.98734158 4.26840172 -0.07270688 -0.99572670 -0.05693903 0.32826997 0.00000000 0.00000000 0.00000000 1.00000000
-0.98475448 0.07348720 -0.15766498 4.16534116 0.16091963 0.04066332 -0.98612949 4.25814289 -0.06605671 -0.99646682 -0.05186892 0.33551052 0.00000000 0.00000000 0.00000000 1.00000000
-0.98343853 0.06354649 -0.16973657 4.15829369 0.17211575 0.03401303 -0.98448935 4.25072245 -0.05678759 -0.99739910 -0.04438707 0.33670250 0.00000000 0.00000000 0.00000000 1.00000000
-0.98147833 0.04979060 -0.18498971 4.21064844 0.18642307 0.02583391 -0.98212985 4.24493929 -0.04412183 -0.99842551 -0.03463754 0.32977281 0.00000000 0.00000000 0.00000000 1.00000000
-0.97349282 0.06148969 -0.22029696 4.31469192 0.22231297 0.02805169 -0.97457173 4.22494270 -0.05374642 -0.99771345 -0.04097808 0.34669715 0.00000000 0.00000000 0.00000000 1.00000000
-0.95906684 0.08228883 -0.27096003 4.36826725 0.27402777 0.02839224 -0.96130259 4.20508501 -0.07141130 -0.99620401 -0.04977948 0.35496965 0.00000000 0.00000000 0.00000000 1.00000000
-0.93370268 0.11197632 -0.34008912 4.33986434 0.34462598 0.02341810 -0.93844793 4.18793878 -0.09711970 -0.99343490 -0.06045550 0.34670555 0.00000000 0.00000000 0.00000000 1.00000000
-0.90561343 0.12739445 -0.40451820 4.30516287 0.40998283 0.01889248 -0.91189755 4.18200551 -0.10852833 -0.99167219 -0.06933882 0.33565349 0.00000000 0.00000000 0.00000000 1.00000000
-0.87677063 0.13305680 -0.46213542 4.26246875 0.46741646 0.00974724 -0.88398351 4.16599259 -0.11311547 -0.99106048 -0.07073904 0.32232786 0.00000000 0.00000000 0.00000000 1.00000000
-0.87927779 0.07312748 -0.47066223 4.10346037 0.47241366 0.00776874 -0.88134272 4.00569176 -0.06079392 -0.99729234 -0.04137730 0.33042364 0.00000000 0.00000000 0.00000000 1.00000000
-0.87936671 0.10343330 -0.46477494 4.26224548 0.46747084 0.00207312 -0.88400606 4.01556779 -0.09047212 -0.99463423 -0.05017508 0.34212182 0.00000000 0.00000000 0.00000000 1.00000000
-0.87243918 0.13078742 -0.47089757 4.35715308 0.47432394 -0.00556467 -0.88033280 4.03613149 -0.11775685 -0.99139482 -0.05718077 0.33978277 0.00000000 0.00000000 0.00000000 1.00000000
-0.85654996 0.15159286 -0.49329685 4.36213110 0.49664781 -0.01758971 -0.86777391 4.07128371 -0.14022528 -0.98828650 -0.06022179 0.32010723 0.00000000 0.00000000 0.00000000 1.00000000
-0.83172225 0.14615004 -0.53561019 4.36602129 0.53933687 -0.01621572 -0.84193396 4.02460775 -0.13173399 -0.98912952 -0.06533713 0.31326671 0.00000000 0.00000000 0.00000000 1.00000000
-0.80621501 0.13579018 -0.57582843 4.34836713 0.58064137 -0.00504715 -0.81414380 3.97251967 -0.11345902 -0.99072476 -0.07477630 0.31316923 0.00000000 0.00000000 0.00000000 1.00000000
-0.78211927 0.12264742 -0.61093949 4.29965315 0.61726004 0.01824752 -0.78654756 3.92455129 -0.08531989 -0.99228254 -0.08997709 0.32079563 0.00000000 0.00000000 0.00000000 1.00000000
-0.76082538 0.11490667 -0.63870275 4.21601777 0.64588365 0.03841065 -0.76246898 3.87224930 -0.06307978 -0.99263341 -0.10344014 0.32281604 0.00000000 0.00000000 0.00000000 1.00000000
-0.75198274 0.10436331 -0.65086885 4.08861816 0.65768222 0.05219882 -0.75148478 3.84489218 -0.04445285 -0.99316846 -0.10789051 0.31422092 0.00000000 0.00000000 0.00000000 1.00000000
-0.76108605 0.08845919 -0.64259085 3.90446866 0.64793288 0.05707703 -0.75955592 3.85326473 -0.03051252 -0.99444315 -0.10075615 0.29151809 0.00000000 0.00000000 0.00000000 1.00000000
-0.77062917 0.07827153 -0.63245890 3.74605805 0.63678981 0.05550609 -0.76903694 3.87323745 -0.02508838 -0.99538568 -0.09261712 0.28570076 0.00000000 0.00000000 0.00000000 1.00000000
-0.77348325 0.07341092 -0.62955103 3.64811566 0.63318937 0.04531593 -0.77266920 3.87216938 -0.02819366 -0.99627170 -0.08153413 0.28851034 0.00000000 0.00000000 0.00000000 1.00000000
-0.76684603 0.07515315 -0.63741601 3.63291372 0.64042313 0.02384910 -0.76765189 3.83936420 -0.04248966 -0.99688677 -0.06641840 0.30117280 0.00000000 0.00000000 0.00000000 1.00000000
-0.75655109 0.06866305 -0.65031980 3.66117575 0.65220915 0.00703357 -0.75800644 3.83217618 -0.04747297 -0.99761511 -0.05010393 0.28529892 0.00000000 0.00000000 0.00000000 1.00000000
-0.74544796 0.06816087 -0.66306970 3.73182537 0.66450690 -0.00209607 -0.74727919 3.84174038 -0.05232504 -0.99767214 -0.04373086 0.27782634 0.00000000 0.00000000 0.00000000 1.00000000
-0.73370717 0.07780425 -0.67499651 3.85729233 0.67698854 -0.00104413 -0.73599282 3.87182683 -0.05796816 -0.99696811 -0.05190650 0.28669785 0.00000000 0.00000000 0.00000000 1.00000000
-0.71624935 0.10033191 -0.69059422 3.93377873 0.69438130 0.00399893 -0.71959615 3.88192899 -0.06943681 -0.99494599 -0.07253283 0.30690487 0.00000000 0.00000000 0.00000000 1.00000000
-0.73480827 0.05960557 -0.67565079 3.42867813 0.67762818 0.02102324 -0.73510413 3.71868972 -0.02961193 -0.99800060 -0.05583846 0.26281287 0.00000000 0.00000000 0.00000000 1.00000000
-0.73126212 0.08517706 -0.67675740 3.60921122 0.68017520 0.01664160 -0.73286066 3.68441318 -0.05116059 -0.99622684 -0.07010470 0.25934427 0.00000000 0.00000000 0.00000000 1.00000000
-0.71819142 0.10680481 -0.68760004 3.77158506 0.69237866 0.01116815 -0.72144789 3.67049337 -0.06937488 -0.99421728 -0.08197024 0.28395601 0.00000000 0.00000000 0.00000000 1.00000000
-0.70151312 0.11754425 -0.70289593 3.91096685 0.70817034 0.00448351 -0.70602739 3.65810877 -0.07983801 -0.99305753 -0.08638659 0.30911195 0.00000000 0.00000000 0.00000000 1.00000000
-0.68123437 0.11332298 -0.72324106 4.02013174 0.72766900 -0.00328948 -0.68592055 3.64497025 -0.08010965 -0.99355276 -0.08022071 0.33126642 0.00000000 0.00000000 0.00000000 1.00000000
-0.65590763 0.11579908 -0.74590600 4.02388759 0.75039095 -0.00711468 -0.66095597 3.61776633 -0.08184498 -0.99324718 -0.08222801 0.32240572 0.00000000 0.00000000 0.00000000 1.00000000
-0.63960865 0.12183172 -0.75898472 3.97099930 0.76461604 -0.00081808 -0.64448557 3.60947704 -0.07913970 -0.99255043 -0.09263124 0.31182880 0.00000000 0.00000000 0.00000000 1.00000000
-0.63783381 0.13213579 -0.75875435 3.85182414 0.76699227 0.01952101 -0.64135933 3.63024287 -0.06993487 -0.99103939 -0.11379829 0.30308809 0.00000000 0.00000000 0.00000000 1.00000000
-0.63733370 0.13240148 -0.75912818 3.73686051 0.76854118 0.03746200 -0.63870263 3.63527744 -0.05612671 -0.99048798 -0.12563179 0.28845538 0.00000000 0.00000000 0.00000000 1.00000000
-0.62691353 0.12498288 -0.76899851 3.66012083 0.77784141 0.04457614 -0.62687774 3.65130171 -0.04407000 -0.99115702 -0.12516224 0.27015730 0.00000000 0.00000000 0.00000000 1.00000000
-0.60193587 0.10795164 -0.79121404 3.63615201 0.79775714 0.03730600 -0.60182374 3.68460818 -0.03545083 -0.99345594 -0.10857501 0.24754126 0.00000000 0.00000000 0.00000000 1.00000000
-0.53029086 0.09284972 -0.84271617 3.65669778 0.84694820 0.01305992 -0.53151499 3.67544477 -0.03834521 -0.99559448 -0.08556446 0.23519449 0.00000000 0.00000000 0.00000000 1.00000000
-0.44501743 0.08853124 -0.89113507 3.66802813 0.89417640 -0.01060039 -0.44758933 3.64589792 -0.04907202 -0.99601699 -0.07444519 0.24073004 0.00000000 0.00000000 0.00000000 1.00000000
-0.34814332 0.09981044 -0.93211271 3.66038112 0.93508227 -0.03352169 -0.35284194 3.59410796 -0.06646330 -0.99444164 -0.08166062 0.26991591 0.00000000 0.00000000 0.00000000 1.00000000
-0.26002876 0.12768871 -0.95712102 3.56559966 0.96256206 -0.04429968 -0.26741695 3.55066429 -0.07654628 -0.99082447 -0.11138912 0.30794506 0.00000000 0.00000000 0.00000000 1.00000000
-0.18533062 0.15574496 -0.97025567 3.42994862 0.97958330 -0.04899516 -0.19497699 3.54257768 -0.07790451 -0.98658146 -0.14348486 0.34337634 0.00000000 0.00000000 0.00000000 1.00000000
-0.13049531 0.18280908 -0.97444949 3.24797122 0.98899591 -0.04509357 -0.14090299 3.58301409 -0.06969975 -0.98211375 -0.17491293 0.37404468 0.00000000 0.00000000 0.00000000 1.00000000
-0.11515270 0.15753333 -0.98077679 3.43613076 0.99102695 -0.04923406 -0.12426420 3.53262644 -0.06786338 -0.98628559 -0.15045034 0.33722661 0.00000000 0.00000000 0.00000000 1.00000000
-0.10224513 0.15997083 -0.98181224 3.23510798 0.99255120 -0.04931878 -0.11139919 3.64137648 -0.06624240 -0.98588894 -0.15373663 0.29467883 0.00000000 0.00000000 0.00000000 1.00000000
-0.12594538 0.14591929 -0.98124682 2.95310002 0.99068944 -0.03304117 -0.13207085 3.73576048 -0.05169323 -0.98874458 -0.14039932 0.25230312 0.00000000 0.00000000 0.00000000 1.00000000
-0.19268290 0.12089509 -0.97378523 2.77737173 0.98089796 -0.00326447 -0.19449558 3.72883321 -0.02669245 -0.99265992 -0.11795674 0.24622672 0.00000000 0.00000000 0.00000000 1.00000000
-0.25320716 0.09527920 -0.96270868 2.66682185 0.96740057 0.02008226 -0.25245365 3.68786238 -0.00472021 -0.99524800 -0.09725812 0.24010604 0.00000000 0.00000000 0.00000000 1.00000000
-0.29980514 0.07227364 -0.95125885 2.63817120 0.95394661 0.03330565 -0.29812178 3.60965537 0.01013595 -0.99682860 -0.07893040 0.22931490 0.00000000 0.00000000 0.00000000 1.00000000
-0.29907135 0.06987033 -0.95166930 2.77391305 0.95419997 0.01388741 -0.29884704 3.49541464 -0.00766432 -0.99745941 -0.07082359 0.26528280 0.00000000 0.00000000 0.00000000 1.00000000
-0.29045802 0.06441625 -0.95471707 2.96198095 0.95658286 -0.00563713 -0.29140600 3.38754821 -0.02415315 -0.99790719 -0.05998213 0.30513484 0.00000000 0.00000000 0.00000000 1.00000000
-0.27768314 0.05105653 -0.95931502 3.20158366 0.96008953 -0.02004069 -0.27897394 3.29495954 -0.03346877 -0.99849467 -0.04345388 0.34332191 0.00000000 0.00000000 0.00000000 1.00000000
-0.23363008 0.07039884 -0.96977368 3.35043342 0.97130210 -0.02885200 -0.23609275 3.27805635 -0.04460056 -0.99710158 -0.06163784 0.34128898 0.00000000 0.00000000 0.00000000 1.00000000
-0.17989159 0.10014616 -0.97857537 3.43849367 0.98209313 -0.03831313 -0.18445918 3.29273172 -0.05596517 -0.99423481 -0.09146064 0.31804416 0.00000000 0.00000000 0.00000000 1.00000000
-0.11692716 0.13995659 -0.98322947 3.45093897 0.99089358 -0.05011765 -0.12497253 3.34224566 -0.06676788 -0.98888845 -0.13282197 0.26960925 0.00000000 0.00000000 0.00000000 1.00000000
-0.06931530 0.15831434 -0.98495277 3.41855119 0.99591393 -0.04630911 -0.07753008 3.44121340 -0.05788641 -0.98630220 -0.15445752 0.24875226 0.00000000 0.00000000 0.00000000 1.00000000
-0.03380720 0.16783468 -0.98523530 3.33036936 0.99840635 -0.03889890 -0.04088557 3.54891971 -0.04518658 -0.98504741 -0.16625214 0.24786111 0.00000000 0.00000000 0.00000000 1.00000000
-0.12205871 0.11231422 -0.98614765 2.39801630 0.99128407 -0.03583146 -0.12677537 3.44900036 -0.04957379 -0.99302650 -0.10696176 0.25582409 0.00000000 0.00000000 0.00000000 1.00000000
-0.10068996 0.13097150 -0.98625960 2.48165404 0.99264541 -0.05373661 -0.10847792 3.43208661 -0.06720576 -0.98992871 -0.12459752 0.27790538 0.00000000 0.00000000 0.00000000 1.00000000
-0.07463932 0.13884540 -0.98749730 2.59989526 0.99445811 -0.06316102 -0.08404609 3.45031030 -0.07404075 -0.98829785 -0.13336164 0.29051616 0.00000000 0.00000000 0.00000000 1.00000000
-0.04339195 0.13448016 -0.98996577 2.76516063 0.99680324 -0.06070980 -0.05193866 3.51428054 -0.06708535 -0.98905480 -0.13141594 0.28706030 0.00000000 0.00000000 0.00000000 1.00000000
-0.04057560 0.13635032 -0.98982938 2.85741705 0.99797547 -0.04302671 -0.04683651 3.55642451 -0.04897527 -0.98972587 -0.13432844 0.28442570 0.00000000 0.00000000 0.00000000 1.00000000
-0.04984323 0.13796134 -0.98918265 2.85836392 0.99817805 -0.02683829 -0.05403963 3.58396808 -0.03400335 -0.99007392 -0.13637228 0.27854186 0.00000000 0.00000000 0.00000000 1.00000000
-0.07168518 0.13810939 -0.98781933 2.74260497 0.99711101 -0.01501640 -0.07445895 3.59432768 -0.02511697 -0.99030314 -0.13663394 0.26808097 0.00000000 0.00000000 0.00000000 1.00000000
-0.09560039 0.13454515 -0.98628503 2.61980921 0.99522708 -0.00657641 -0.09736427 3.56739717 -0.01958610 -0.99088564 -0.13327427 0.24575941 0.00000000 0.00000000 0.00000000 1.00000000
-0.12143390 0.12190137 -0.98508571 2.49812671 0.99246745 -0.00127751 -0.12250195 3.53392551 -0.01619161 -0.99254140 -0.12082801 0.23116799 0.00000000 0.00000000 0.00000000 1.00000000
-0.14982327 0.09645649 -0.98399651 2.37898229 0.98859752 -0.00058238 -0.15058090 3.49578491 -0.01509756 -0.99533703 -0.09526940 0.22945196 0.00000000 0.00000000 0.00000000 1.00000000
-0.18097664 0.07099558 -0.98092155 2.28667792 0.98323816 -0.00939212 -0.18208381 3.47058706 -0.02214008 -0.99743241 -0.06810581 0.25369317 0.00000000 0.00000000 0.00000000 1.00000000
-0.19571748 0.05978401 -0.97883632 2.23587867 0.98019357 -0.01886631 -0.19714115 3.45502731 -0.03025292 -0.99803303 -0.05490744 0.26916954 0.00000000 0.00000000 0.00000000 1.00000000
-0.18572604 0.06926968 -0.98015690 2.24285832 0.98179879 -0.02723130 -0.18796165 3.45172989 -0.03971099 -0.99722624 -0.06295133 0.26835488 0.00000000 0.00000000 0.00000000 1.00000000
-0.15344357 0.09480984 -0.98359858 2.27972958 0.98676759 -0.03807246 -0.15760778 3.44876123 -0.05239079 -0.99476710 -0.08771330 0.25310457 0.00000000 0.00000000 0.00000000 1.00000000
-0.11431447 0.11566094 -0.98668878 2.32804694 0.99161010 -0.04704656 -0.12039950 3.46108188 -0.06034584 -0.99217396 -0.10931245 0.23699515 0.00000000 0.00000000 0.00000000 1.00000000
-0.08827634 0.05116560 -0.99478107 1.97162971 0.99591868 -0.01431068 -0.08911335 3.45238698 -0.01879553 -0.99858765 -0.04969348 0.24320003 0.00000000 0.00000000 0.00000000 1.00000000
-0.10418826 0.06383101 -0.99250713 1.93548828 0.99404251 -0.02543001 -0.10598492 3.35566064 -0.03200459 -0.99763667 -0.06080123 0.22798270 0.00000000 0.00000000 0.00000000 1.00000000
-0.11776485 0.07901790 -0.98989273 1.94402073 0.99211476 -0.03369375 -0.12071879 3.29546805 -0.04289214 -0.99630362 -0.07442688 0.22367809 0.00000000 0.00000000 0.00000000 1.00000000
-0.12735652 0.09414830 -0.98737856 2.01120594 0.99060192 -0.03799030 -0.13139473 3.29141080 -0.04988140 -0.99483307 -0.08842517 0.23924532 0.00000000 0.00000000 0.00000000 1.00000000
-0.12683246 0.10509208 -0.98634131 2.06161418 0.99076616 -0.03461224 -0.13108929 3.32246070 -0.04791593 -0.99385997 -0.09973173 0.24064537 0.00000000 0.00000000 0.00000000 1.00000000
-0.11938726 0.11573822 -0.98607877 2.12503933 0.99177161 -0.03232778 -0.12387089 3.39147054 -0.04621434 -0.99275353 -0.11092636 0.23291675 0.00000000 0.00000000 0.00000000 1.00000000
-0.10301922 0.12648535 -0.98660453 2.20978716 0.99361697 -0.03274503 -0.10794944 3.51176038 -0.04596041 -0.99142787 -0.12230463 0.21361560 0.00000000 0.00000000 0.00000000 1.00000000
-0.10480531 0.13685187 -0.98503168 2.28271982 0.99376277 -0.02353227 -0.10900365 3.55328350 -0.03809739 -0.99031197 -0.13353199 0.21946426 0.00000000 0.00000000 0.00000000 1.00000000
-0.11005641 0.14076498 -0.98390691 2.35209019 0.99348137 -0.01400507 -0.11313105 3.58232259 -0.02970458 -0.98994398 -0.13830603 0.23231786 0.00000000 0.00000000 0.00000000 1.00000000
-0.11734916 0.13578020 -0.98376466 2.41823083 0.99285566 -0.00551103 -0.11919423 3.60551447 -0.02160578 -0.99072366 -0.13416342 0.25126973 0.00000000 0.00000000 0.00000000 1.00000000
-0.11995108 0.12950158 -0.98429725 2.41011725 0.99248257 -0.00861726 -0.12208233 3.56603759 -0.02429180 -0.99154177 -0.12749441 0.25368312 0.00000000 0.00000000 0.00000000 1.00000000
-0.12257823 0.12368261 -0.98472188 2.38666933 0.99205162 -0.01315128 -0.12514246 3.51079081 -0.02842830 -0.99223468 -0.12108747 0.25528278 0.00000000 0.00000000 0.00000000 1.00000000
-0.12595551 0.11873234 -0.98490499 2.35222744 0.99148606 -0.01798328 -0.12896506 3.44209068 -0.03302414 -0.99276343 -0.11545637 0.25825810 0.00000000 0.00000000 0.00000000 1.00000000
-0.13293747 0.11244836 -0.98472483 2.32576925 0.99061512 -0.01677238 -0.13564794 3.38169784 -0.03176957 -0.99351601 -0.10916337 0.25157038 0.00000000 0.00000000 0.00000000 1.00000000
-0.13654658 0.10881451 -0.98463924 2.31180890 0.99005039 -0.01911282 -0.13940918 3.32838959 -0.03398897 -0.99387831 -0.10512206 0.24121380 0.00000000 0.00000000 0.00000000 1.00000000
-0.18826514 0.05011900 -0.98083858 1.85486411 0.98209937 0.00341578 -0.18833260 3.43508966 -0.00608871 -0.99873741 -0.04986491 0.19913968 0.00000000 0.00000000 0.00000000 1.00000000
-0.18467727 0.03964685 -0.98199920 1.78286436 0.98275215 -0.00232911 -0.18491291 3.38643451 -0.00961840 -0.99921104 -0.03853289 0.21758093 0.00000000 0.00000000 0.00000000 1.00000000
-0.17659019 0.04490948 -0.98325940 1.74525258 0.98414522 -0.00874675 -0.17714878 3.33364813 -0.01655598 -0.99895277 -0.04265286 0.23572895 0.00000000 0.00000000 0.00000000 1.00000000
-0.16378097 0.06835341 -0.98412581 1.75917391 0.98615999 -0.01471921 -0.16514184 3.27640135 -0.02577356 -0.99755258 -0.06499667 0.24960094 0.00000000 0.00000000 0.00000000 1.00000000
-0.14766888 0.08026468 -0.98577456 1.80826291 0.98842842 -0.02297888 -0.14993744 3.24277259 -0.03468667 -0.99650868 -0.07594263 0.25147092 0.00000000 0.00000000 0.00000000 1.00000000
-0.13242145 0.09184157 -0.98692942 1.89327810 0.99022768 -0.03168690 -0.13581271 3.23689576 -0.04374599 -0.99526934 -0.08674804 0.24615223 0.00000000 0.00000000 0.00000000 1.00000000
-0.11896674 0.10473882 -0.98735844 2.02552222 0.99147711 -0.04065402 -0.12377557 3.26803858 -0.05310419 -0.99366847 -0.09900967 0.23212850 0.00000000 0.00000000 0.00000000 1.00000000
-0.12288240 0.12827167 -0.98409669 2.09943768 0.99085372 -0.03985367 -0.12892084 3.37231187 -0.05575676 -0.99093797 -0.12220115 0.21157223 0.00000000 0.00000000 0.00000000 1.00000000
-0.13541212 0.14480422 -0.98015065 2.10908069 0.98939019 -0.03279288 -0.14153332 3.45893388 -0.05263658 -0.98891676 -0.13882732 0.19330828 0.00000000 0.00000000 0.00000000 1.00000000
-0.15731958 0.15018731 -0.97606061 2.03925838 0.98663196 -0.01865195 -0.16189344 3.51146294 -0.04251978 -0.98848160 -0.14524528 0.17918248 0.00000000 0.00000000 0.00000000 1.00000000
-0.18889304 0.13605473 -0.97252688 1.97396455 0.98169050 0.00139398 -0.19047786 3.52943647 -0.02455974 -0.99070034 -0.13382695 0.18770168 0.00000000 0.00000000 0.00000000 1.00000000
-0.22365225 0.11553078 -0.96779766 1.91515425 0.97462605 0.01718685 -0.22317857 3.52289959 -0.00915060 -0.99315520 -0.11644319 0.19719716 0.00000000 0.00000000 0.00000000 1.00000000
-0.26192672 0.08860628 -0.96101161 1.86514106 0.96508625 0.02580991 -0.26065757 3.48496305 0.00170773 -0.99573228 -0.09227300 0.20524542 0.00000000 0.00000000 0.00000000 1.00000000
-0.56004102 0.02693931 -0.82802677 1.50738511 0.82770998 0.06085158 -0.55784700 3.54027250 0.03535872 -0.99778322 -0.05637731 0.20451939 0.00000000 0.00000000 0.00000000 1.00000000
-0.58428312 0.04234340 -0.81044449 1.51660807 0.81121248 0.05926678 -0.58174028 3.53927958 0.02339958 -0.99734371 -0.06897808 0.17560700 0.00000000 0.00000000 0.00000000 1.00000000
-0.60386337 0.06757699 -0.79421809 1.50756481 0.79707331 0.04517681 -0.60219034 3.49883805 -0.00481397 -0.99669073 -0.08114444 0.16199320 0.00000000 0.00000000 0.00000000 1.00000000
-0.62610076 0.08383823 -0.77522190 1.51798081 0.77920522 0.03038277 -0.62603204 3.40693887 -0.02893202 -0.99601608 -0.08434986 0.18623898 0.00000000 0.00000000 0.00000000 1.00000000
-0.65222741 0.09683154 -0.75181318 1.52985755 0.75623771 0.01508400 -0.65412308 3.31378969 -0.05199940 -0.99518648 -0.08306586 0.21164424 0.00000000 0.00000000 0.00000000 1.00000000
-0.68358794 0.10624052 -0.72209451 1.54142479 0.72612738 -0.00104440 -0.68755941 3.22527477 -0.07380082 -0.99433991 -0.07643022 0.23407410 0.00000000 0.00000000 0.00000000 1.00000000
-0.71809174 0.09813457 -0.68899482 1.55854872 0.69199989 -0.00462716 -0.72188277 3.21646950 -0.07402975 -0.99516240 -0.06458639 0.22097816 0.00000000 0.00000000 0.00000000 1.00000000
-0.75298948 0.08823278 -0.65209034 1.56991042 0.65479803 0.00233413 -0.75580030 3.21743037 -0.06516430 -0.99609715 -0.05953222 0.20381138 0.00000000 0.00000000 0.00000000 1.00000000
-0.78794534 0.07742641 -0.61085783 1.57283355 0.61390509 0.02214448 -0.78906918 3.22084215 -0.04756767 -0.99675211 -0.06498111 0.18588343 0.00000000 0.00000000 0.00000000 1.00000000
-0.82975355 0.07100254 -0.55359524 1.55519934 0.55702873 0.04307163 -0.82937557 3.28461865 -0.03504352 -0.99654577 -0.07528930 0.16542827 0.00000000 0.00000000 0.00000000 1.00000000
-0.86841719 0.06092703 -0.49207670 1.54554040 0.49528523 0.05990263 -0.86666269 3.33337055 -0.02332649 -0.99634310 -0.08219673 0.15868677 0.00000000 0.00000000 0.00000000 1.00000000
-0.90266986 0.04594697 -0.42787381 1.55012453 0.43018681 0.07036563 -0.89999333 3.35175481 -0.01124436 -0.99646252 -0.08328271 0.17213943 0.00000000 0.00000000 0.00000000 1.00000000
-0.92589756 0.04137663 -0.37550190 1.51724248 0.37725079 0.04894105 -0.92481707 3.27042666 -0.01988835 -0.99794426 -0.06092376 0.19465329 0.00000000 0.00000000 0.00000000 1.00000000
-0.94388036 0.03655448 -0.32825850 1.49595983 0.32927754 0.02647926 -0.94386183 3.17056916 -0.02581034 -0.99898079 -0.03702982 0.20968302 0.00000000 0.00000000 0.00000000 1.00000000
-0.95751410 0.02917408 -0.28690698 1.49557289 0.28721172 0.00676485 -0.95784324 3.05906857 -0.02600331 -0.99955145 -0.01485657 0.21349084 0.00000000 0.00000000 0.00000000 1.00000000
-0.92533455 0.07003062 -0.37262807 1.66158032 0.37515934 0.02686818 -0.92657086 3.16510007 -0.05487650 -0.99718294 -0.05113470 0.18213255 0.00000000 0.00000000 0.00000000 1.00000000
-0.92792773 0.07057716 -0.36601774 1.57182106 0.36815686 0.01968381 -0.92955531 3.26523397 -0.05840075 -0.99731209 -0.04424862 0.19636683 0.00000000 0.00000000 0.00000000 1.00000000
-0.93147675 0.06735529 -0.35751129 1.47370056 0.35909165 0.01261836 -0.93321700 3.35404103 -0.05834590 -0.99764926 -0.03594044 0.21063651 0.00000000 0.00000000 0.00000000 1.00000000
-0.93436797 0.05958158 -0.35129265 1.35035099 0.35252460 0.01126098 -0.93573479 3.25133566 -0.05179666 -0.99815992 -0.03152587 0.21372050 0.00000000 0.00000000 0.00000000 1.00000000
-0.93855637 0.05327943 -0.34098862 1.23786153 0.34210167 0.01311049 -0.93957148 3.11787119 -0.04558931 -0.99849357 -0.03053192 0.21637967 0.00000000 0.00000000 0.00000000 1.00000000
-0.94445374 0.04942878 -0.32490604 1.14297390 0.32611781 0.01860282 -0.94514608 2.96572412 -0.04067325 -0.99860439 -0.03368911 0.21980150 0.00000000 0.00000000 0.00000000 1.00000000
-0.94841188 0.04145772 -0.31431857 1.15616513 0.31552666 0.02664659 -0.94854251 2.83719045 -0.03094889 -0.99878487 -0.03835296 0.22494805 0.00000000 0.00000000 0.00000000 1.00000000
-0.95261225 0.03554714 -0.30210312 1.17525075 0.30319650 0.03086683 -0.95242801 2.73327997 -0.02453113 -0.99889120 -0.04018189 0.22230074 0.00000000 0.00000000 0.00000000 1.00000000
-0.95722761 0.03246351 -0.28750898 1.19403612 0.28847287 0.03038611 -0.95700579 2.65720269 -0.02233149 -0.99901091 -0.03845126 0.21024405 0.00000000 0.00000000 0.00000000 1.00000000
-0.95880262 0.04414226 -0.28062252 1.26982541 0.28203796 0.02988598 -0.95893765 2.66865293 -0.03394300 -0.99857813 -0.04110454 0.18407651 0.00000000 0.00000000 0.00000000 1.00000000
-0.95963071 0.05380802 -0.27606811 1.37388991 0.27796977 0.03167403 -0.96006748 2.74835511 -0.04291514 -0.99804882 -0.04535237 0.16868661 0.00000000 0.00000000 0.00000000 1.00000000
-0.95992948 0.06019816 -0.27369979 1.50671523 0.27610802 0.03603074 -0.96045101 2.90074011 -0.04795578 -0.99753595 -0.05120817 0.16660880 0.00000000 0.00000000 0.00000000 1.00000000
-0.96216853 0.06237591 -0.26521870 1.57347074 0.26764533 0.03429122 -0.96290710 2.99584837 -0.05096753 -0.99746346 -0.04968855 0.17970575 0.00000000 0.00000000 0.00000000 1.00000000
-0.96492943 0.06131855 -0.25524738 1.64891306 0.25755199 0.03306447 -0.96569856 3.06768955 -0.05077562 -0.99757044 -0.04769760 0.20221299 0.00000000 0.00000000 0.00000000 1.00000000
-0.96814537 0.05677459 -0.24386716 1.73756503 0.24593202 0.03267280 -0.96873625 3.11591221 -0.04703178 -0.99785226 -0.04559471 0.23467371 0.00000000 0.00000000 0.00000000 1.00000000
-0.96985634 0.05583204 -0.23719500 1.75966943 0.23918252 0.03201757 -0.97044660 2.98898162 -0.04658761 -0.99792668 -0.04440649 0.23802086 0.00000000 0.00000000 0.00000000 1.00000000
-0.96698018 0.06963548 -0.24515347 1.46600535 0.24910101 0.05506000 -0.96691110 3.23973832 -0.05383317 -0.99605185 -0.07058819 0.19202742 0.00000000 0.00000000 0.00000000 1.00000000
-0.97097448 0.05534107 -0.23269279 1.38346280 0.23565906 0.05496278 -0.97028032 3.49980662 -0.04090691 -0.99695359 -0.06640908 0.21576959 0.00000000 0.00000000 0.00000000 1.00000000
-0.97369624 0.03705586 -0.22481657 1.31189841 0.22673727 0.06018646 -0.97209454 3.69977716 -0.02249088 -0.99749910 -0.06700528 0.24991547 0.00000000 0.00000000 0.00000000 1.00000000
-0.97311132 0.00980057 -0.23012671 1.29715117 0.23023873 0.07031666 -0.97059039 3.83372779 0.00666940 -0.99747657 -0.07068241 0.29297506 0.00000000 0.00000000 0.00000000 1.00000000
-0.96797326 -0.02673674 -0.24962555 1.34310297 0.24655182 0.08620796 -0.96528772 3.89775157 0.04732835 -0.99591834 -0.07685501 0.34518287 0.00000000 0.00000000 0.00000000 1.00000000
-0.96295510 -0.03032434 -0.26795133 1.42582044 0.26417045 0.09342490 -0.95994050 3.82386513 0.05414289 -0.99516442 -0.08195319 0.34519769 0.00000000 0.00000000 0.00000000 1.00000000
-0.96029681 -0.01426266 -0.27861551 1.47056341 0.27620245 0.09197768 -0.95668820 3.73263425 0.03927132 -0.99565892 -0.08438649 0.32311687 0.00000000 0.00000000 0.00000000 1.00000000
-0.95936529 0.02177229 -0.28132581 1.47491060 0.28215939 0.08137315 -0.95591029 3.62543909 0.00208001 -0.99644587 -0.08420983 0.27842913 0.00000000 0.00000000 0.00000000 1.00000000
-0.96074331 0.06893249 -0.26873892 1.44836983 0.27303335 0.06298287 -0.95994060 3.53139046 -0.04924515 -0.99563119 -0.07933124 0.22945317 0.00000000 0.00000000 0.00000000 1.00000000
-0.96245584 0.10197265 -0.25155582 1.41221874 0.25718382 0.04620885 -0.96525708 3.35115520 -0.08680572 -0.99371340 -0.07069969 0.18307591 0.00000000 0.00000000 0.00000000 1.00000000
-0.96580840 0.12018370 -0.22971725 1.36658663 0.23495535 0.03120526 -0.97150513 3.08097011 -0.10959070 -0.99226111 -0.05837610 0.13997914 0.00000000 0.00000000 0.00000000 1.00000000
-0.97345065 0.09537284 -0.20808134 1.35971767 0.21179852 0.03055533 -0.97683558 2.83813541 -0.08680559 -0.99497256 -0.04994393 0.14438029 0.00000000 0.00000000 0.00000000 1.00000000
-0.97963370 0.06732096 -0.18917108 1.34037743 0.19150609 0.03005133 -0.98103126 2.55298204 -0.06035913 -0.99727870 -0.04233167 0.16192516 0.00000000 0.00000000 0.00000000 1.00000000
-0.98424165 0.03588033 -0.17315018 1.30804340 0.17423704 0.02975386 -0.98425411 2.22371574 -0.03016347 -0.99891306 -0.03553667 0.19310446 0.00000000 0.00000000 0.00000000 1.00000000
-0.98824489 0.00730012 -0.15270480 1.31567133 0.15280903 0.01691066 -0.98811104 1.92235236 -0.00463099 -0.99983035 -0.01782740 0.22948441 0.00000000 0.00000000 0.00000000 1.00000000
-0.97700020 0.05695309 -0.20549197 1.39490919 0.20852045 0.05357888 -0.97654929 2.82828325 -0.04460747 -0.99693814 -0.06422246 0.19701813 0.00000000 0.00000000 0.00000000 1.00000000
-0.97656585 0.03980033 -0.21150668 1.31863601 0.21352343 0.05606245 -0.97532802 2.90951311 -0.02696080 -0.99763367 -0.06324697 0.21711072 0.00000000 0.00000000 0.00000000 1.00000000
-0.97696102 0.02683582 -0.21172391 1.26905628 0.21301075 0.06136606 -0.97512083 2.95679715 -0.01317551 -0.99775450 -0.06566857 0.20770711 0.00000000 0.00000000 0.00000000 1.00000000
-0.97736465 0.02086232 -0.21053052 1.22401053 0.21142960 0.06116300 -0.97547763 2.99021569 -0.00747404 -0.99790974 -0.06418946 0.20372416 0.00000000 0.00000000 0.00000000 1.00000000
-0.97790149 0.02170491 -0.20793646 1.18355002 0.20884371 0.05554301 -0.97637046 3.00966393 -0.00964262 -0.99822035 -0.05884852 0.20526204 0.00000000 0.00000000 0.00000000 1.00000000
-0.97824709 0.00522235 -0.20737731 1.16427094 0.20736845 0.05142721 -0.97691021 2.97507208 0.00556307 -0.99866309 -0.05139147 0.23342193 0.00000000 0.00000000 0.00000000 1.00000000
-0.97639796 -0.01029910 -0.21573351 1.14646809 0.21498763 0.04925821 -0.97537375 2.92661936 0.02067212 -0.99873298 -0.04588144 0.23941286 0.00000000 0.00000000 0.00000000 1.00000000
-0.97230638 -0.02476153 -0.23239442 1.12997322 0.23100135 0.04912664 -0.97171238 2.86518517 0.03547784 -0.99848557 -0.04204620 0.22489252 0.00000000 0.00000000 0.00000000 1.00000000
-0.96642082 -0.01668049 -0.25642261 1.10609464 0.25522231 0.05369778 -0.96539014 2.78994358 0.02987250 -0.99841790 -0.04763742 0.21046471 0.00000000 0.00000000 0.00000000 1.00000000
-0.96058047 0.00162803 -0.27799732 1.07079952 0.27768798 0.05314191 -0.95920036 2.72051063 0.01321170 -0.99858564 -0.05149917 0.20758714 0.00000000 0.00000000 0.00000000 1.00000000
-0.95437032 0.02964211 -0.29715085 1.02467890 0.29828776 0.04730219 -0.95330316 2.65677804 -0.01420204 -0.99844071 -0.05398569 0.21576119 0.00000000 0.00000000 0.00000000 1.00000000
-0.94919465 0.06160509 -0.30860060 0.99323955 0.31110705 0.03615244 -0.94968700 2.59694357 -0.04734889 -0.99744564 -0.05348148 0.23267346 0.00000000 0.00000000 0.00000000 1.00000000
-0.94440305 0.08588391 -0.31737490 0.97830686 0.32078023 0.02891256 -0.94671226 2.52594900 -0.07213123 -0.99588554 -0.05485497 0.23150228 0.00000000 0.00000000 0.00000000 1.00000000
-0.94064210 0.10267304 -0.32349759 0.97904862 0.32763528 0.02591336 -0.94444885 2.44325046 -0.08858652 -0.99437757 -0.05801450 0.21333432 0.00000000 0.00000000 0.00000000 1.00000000
-0.93873368 0.10961713 -0.32674632 0.97535647 0.33213805 0.03466824 -0.94259346 2.32120773 -0.09199667 -0.99336911 -0.06895227 0.20182842 0.00000000 0.00000000 0.00000000 1.00000000
-0.97032883 0.08979932 -0.22449509 0.96528028 0.22803413 0.03117889 -0.97315380 1.87147231 -0.08038905 -0.99547173 -0.05073108 0.18837397 0.00000000 0.00000000 0.00000000 1.00000000
-0.96600859 0.07586705 -0.24712666 0.92572167 0.24935287 0.02127650 -0.96817894 1.91493356 -0.06819489 -0.99689092 -0.03947095 0.20735651 0.00000000 0.00000000 0.00000000 1.00000000
-0.96203591 0.06285874 -0.26558555 0.95697577 0.26680137 0.01165699 -0.96368104 1.90472268 -0.05747985 -0.99795435 -0.02798524 0.23095850 0.00000000 0.00000000 0.00000000 1.00000000
-0.95763894 0.05745135 -0.28218257 0.99599156 0.28315613 0.00940683 -0.95902769 1.90692257 -0.05244299 -0.99830399 -0.02527604 0.24118842 0.00000000 0.00000000 0.00000000 1.00000000
-0.95320554 0.05885468 -0.29653891 1.04077151 0.29782087 0.01415570 -0.95451681 1.92030904 -0.05198006 -0.99816619 -0.03102144 0.23925679 0.00000000 0.00000000 0.00000000 1.00000000
-0.95425819 0.06141453 -0.29260820 1.06198494 0.29520687 0.03847067 -0.95465853 1.94324314 -0.04737307 -0.99737067 -0.05484095 0.22221242 0.00000000 0.00000000 0.00000000 1.00000000
-0.95831362 0.06180128 -0.27895448 1.06113412 0.28216197 0.05113943 -0.95800281 1.95752372 -0.04494023 -0.99677749 -0.06644558 0.19462123 0.00000000 0.00000000 0.00000000 1.00000000
-0.96468186 0.06005932 -0.25647959 1.04106288 0.25965049 0.05272289 -0.96426237 1.96338823 -0.04439060 -0.99680147 -0.06645525 0.15966692 0.00000000 0.00000000 0.00000000 1.00000000
-0.97082853 0.05356581 -0.23371494 1.03648208 0.23594248 0.03984249 -0.97094991 1.95380793 -0.04269794 -0.99776915 -0.05131868 0.17383961 0.00000000 0.00000000 0.00000000 1.00000000
-0.97701831 0.04552018 -0.20823816 1.03946438 0.20950507 0.02504982 -0.97748664 1.86616187 -0.03927904 -0.99864930 -0.03401084 0.19997878 0.00000000 0.00000000 0.00000000 1.00000000
-0.98293406 0.03660917 -0.18027869 1.04823325 0.18071251 0.00888123 -0.98349586 1.70794635 -0.03440387 -0.99929019 -0.01534540 0.23657278 0.00000000 0.00000000 0.00000000 1.00000000
-0.98729962 0.03948114 -0.15388533 1.02752310 0.15426154 0.00664819 -0.98800768 1.52306118 -0.03798461 -0.99919820 -0.01265418 0.26684058 0.00000000 0.00000000 0.00000000 1.00000000
-0.98861525 0.04233752 -0.14438638 1.06519675 0.14500860 0.01199741 -0.98935765 1.39272314 -0.04015469 -0.99903133 -0.01800013 0.27653184 0.00000000 0.00000000 0.00000000 1.00000000
-0.98767699 0.04485763 -0.14993987 1.15219151 0.15108160 0.02322875 -0.98824834 1.30986488 -0.04084756 -0.99872329 -0.02971967 0.26850390 0.00000000 0.00000000 0.00000000 1.00000000
-0.98639738 0.04054771 -0.15929875 1.19982017 0.16019869 0.01998704 -0.98688241 1.21869256 -0.03683191 -0.99897768 -0.02621086 0.26796937 0.00000000 0.00000000 0.00000000 1.00000000
-0.99034359 0.03072848 -0.13518631 0.83856317 0.13567165 0.01429040 -0.99065079 1.44582273 -0.02850933 -0.99942561 -0.01832139 0.24724877 0.00000000 0.00000000 0.00000000 1.00000000
-0.98578356 0.03324040 -0.16469927 0.85583943 0.16552951 0.02397916 -0.98591327 1.36611213 -0.02882280 -0.99915968 -0.02914052 0.24469540 0.00000000 0.00000000 0.00000000 1.00000000
-0.97785065 0.04019503 -0.20540804 0.89358410 0.20697996 0.03986651 -0.97753259 1.30353800 -0.03110305 -0.99839622 -0.04730306 0.24534683 0.00000000 0.00000000 0.00000000 1.00000000
-0.96707196 0.05131895 -0.24927533 0.92524937 0.25142974 0.04089305 -0.96701130 1.26110921 -0.03943237 -0.99784474 -0.05244963 0.25047155 0.00000000 0.00000000 0.00000000 1.00000000
-0.95315897 0.06516951 -0.29536572 0.95067469 0.29768742 0.02915683 -0.95421805 1.23828069 -0.05357399 -0.99744815 -0.04719123 0.25857512 0.00000000 0.00000000 0.00000000 1.00000000
-0.93768232 0.08252177 -0.33755300 0.94140823 0.33901349 0.00395207 -0.94077321 1.29177838 -0.07630023 -0.99658143 -0.03168178 0.25352351 0.00000000 0.00000000 0.00000000 1.00000000
-0.92873671 0.08449840 -0.36098219 0.91084619 0.36157950 -0.00866189 -0.93230104 1.36762839 -0.08190474 -0.99638597 -0.02250827 0.24975519 0.00000000 0.00000000 0.00000000 1.00000000
-0.92745927 0.07442165 -0.36644333 0.86100497 0.36683745 -0.00879741 -0.93024346 1.46108316 -0.07245400 -0.99718806 -0.01914141 0.24644136 0.00000000 0.00000000 0.00000000 1.00000000
-0.94303662 0.06485652 -0.32630594 0.78635807 0.32801449 0.01741957 -0.94451207 1.53913623 -0.05557366 -0.99774255 -0.03770117 0.23008574 0.00000000 0.00000000 0.00000000 1.00000000
-0.95435787 0.06059271 -0.29245441 0.69564810 0.29518101 0.04222016 -0.95450806 1.62440693 -0.04548876 -0.99726926 -0.05817895 0.20667800 0.00000000 0.00000000 0.00000000 1.00000000
-0.96265754 0.06027413 -0.26392705 0.59131748 0.26760779 0.06441338 -0.96137245 1.71532383 -0.04094546 -0.99610137 -0.07813786 0.17971215 0.00000000 0.00000000 0.00000000 1.00000000
-0.96867043 0.05414179 -0.24237627 0.46685887 0.24515838 0.05250819 -0.96806005 1.80731901 -0.03968576 -0.99715172 -0.06413644 0.19163245 0.00000000 0.00000000 0.00000000 1.00000000
-0.97541809 0.03198329 -0.21802894 0.37216921 0.21927381 0.04265207 -0.97473063 1.85229575 -0.02187571 -0.99857792 -0.04861670 0.20485414 0.00000000 0.00000000 0.00000000 1.00000000
-0.98114014 -0.00168136 -0.19329046 0.30768262 0.19312260 0.03403597 -0.98058412 1.85766302 0.00822754 -0.99941919 -0.03306935 0.21933127 0.00000000 0.00000000 0.00000000 1.00000000
-0.97753309 -0.01855140 -0.20996404 0.37745186 0.20931477 0.03189234 -0.97732810 1.79987871 0.02482705 -0.99931913 -0.02729273 0.24249055 0.00000000 0.00000000 0.00000000 1.00000000
-0.96176319 0.03957087 -0.27100869 0.68114753 0.27203957 0.02342777 -0.96200084 1.13807261 -0.03171808 -0.99894208 -0.03329681 0.28979908 0.00000000 0.00000000 0.00000000 1.00000000
-0.97001907 0.02750885 -0.24146690 0.68531481 0.24235989 0.03582911 -0.96952460 1.09938528 -0.01801896 -0.99897925 -0.04142196 0.28709117 0.00000000 0.00000000 0.00000000 1.00000000
-0.97726023 0.02349858 -0.21073741 0.70915143 0.21159204 0.04325142 -0.97640060 1.05503408 -0.01382933 -0.99878783 -0.04724000 0.25298642 0.00000000 0.00000000 0.00000000 1.00000000
-0.98295124 0.02075121 -0.18269165 0.72954793 0.18346225 0.04484958 -0.98200311 1.02283450 -0.01218411 -0.99877820 -0.04789202 0.21694312 0.00000000 0.00000000 0.00000000 1.00000000
-0.98755815 0.01926137 -0.15607017 0.75159908 0.15675096 0.04123400 -0.98677702 0.99202375 -0.01257128 -0.99896384 -0.04374021 0.18388760 0.00000000 0.00000000 0.00000000 1.00000000
-0.99252191 0.01891928 -0.12059153 0.82867735 0.12111066 0.02923172 -0.99220850 0.85919299 -0.01524678 -0.99939360 -0.03130445 0.20715090 0.00000000 0.00000000 0.00000000 1.00000000
-0.99594799 0.02064850 -0.08752849 0.91932946 0.08791970 0.01886557 -0.99594890 0.73138887 -0.01891357 -0.99960879 -0.02060454 0.24136221 0.00000000 0.00000000 0.00000000 1.00000000
-0.99804874 0.02397261 -0.05765443 1.02408051 0.05791833 0.01046283 -0.99826650 0.60982465 -0.02332783 -0.99965786 -0.01183087 0.28418415 0.00000000 0.00000000 0.00000000 1.00000000
-0.99859370 0.02740884 -0.04538041 1.17815714 0.04568565 0.01061471 -0.99889947 0.52118780 -0.02689698 -0.99956795 -0.01185197 0.32779938 0.00000000 0.00000000 0.00000000 1.00000000
-0.99863685 0.03382515 -0.03975306 1.29148869 0.04022783 0.01347264 -0.99909970 0.43328756 -0.03325912 -0.99933695 -0.01481498 0.34329709 0.00000000 0.00000000 0.00000000 1.00000000
-0.99826323 0.04351194 -0.03971439 1.36997244 0.04050025 0.01733027 -0.99902922 0.34820046 -0.04278143 -0.99890258 -0.01906242 0.33497401 0.00000000 0.00000000 0.00000000 1.00000000
-0.99658530 0.06743680 -0.04764471 1.39457631 0.04816923 0.00617246 -0.99882012 0.29527258 -0.06706315 -0.99770445 -0.00939977 0.29288076 0.00000000 0.00000000 0.00000000 1.00000000
-0.99421979 0.08947112 -0.05934588 1.41701867 0.05915143 -0.00482562 -0.99823736 0.24111374 -0.08959980 -0.99597773 -0.00049462 0.25570105 0.00000000 0.00000000 0.00000000 1.00000000
-0.99142168 0.10833232 -0.07312431 1.43198943 0.07204500 -0.01384889 -0.99730523 0.19243878 -0.10905308 -0.99401827 0.00592529 0.22582077 0.00000000 0.00000000 0.00000000 1.00000000
-0.99102893 0.10856913 -0.07793844 1.38097643 0.07832382 -0.00071676 -0.99692771 0.21598263 -0.10829144 -0.99408864 -0.00779322 0.23607540 0.00000000 0.00000000 0.00000000 1.00000000
-0.98588592 0.00379745 -0.16737540 0.25718353 0.16739633 0.03861980 -0.98513298 1.12722867 0.00272301 -0.99924676 -0.03871040 0.26037455 0.00000000 0.00000000 0.00000000 1.00000000
-0.97683989 0.02110816 -0.21292785 0.20682791 0.21374651 0.05063492 -0.97557600 1.13204708 -0.00981103 -0.99849414 -0.05397401 0.23299823 0.00000000 0.00000000 0.00000000 1.00000000
-0.96483431 0.03529897 -0.26047791 0.18759394 0.26198237 0.04827984 -0.96386425 1.05630987 -0.02144758 -0.99820992 -0.05582975 0.21626423 0.00000000 0.00000000 0.00000000 1.00000000
-0.95002988 0.04460315 -0.30895595 0.17701236 0.31059721 0.03618627 -0.94985258 0.99124596 -0.03118645 -0.99834919 -0.04823165 0.20668218 0.00000000 0.00000000 0.00000000 1.00000000
-0.93343012 0.05018936 -0.35523126 0.16699904 0.35644513 0.01745838 -0.93415313 0.92776838 -0.04068279 -0.99858712 -0.03418593 0.20450096 0.00000000 0.00000000 0.00000000 1.00000000
-0.92460224 0.06005993 -0.37616951 0.10112351 0.37690367 0.00096972 -0.92625195 0.80595294 -0.05526585 -0.99819430 -0.02353341 0.22406661 0.00000000 0.00000000 0.00000000 1.00000000
-0.93282585 0.07481870 -0.35247425 0.07408790 0.35326611 -0.00281316 -0.93551865 0.67334315 -0.07098586 -0.99719319 -0.02380672 0.23203363 0.00000000 0.00000000 0.00000000 1.00000000
-0.95135685 0.09194226 -0.29405231 0.08482282 0.29566623 0.00414523 -0.95528231 0.53902323 -0.08661190 -0.99575571 -0.03112782 0.23016792 0.00000000 0.00000000 0.00000000 1.00000000
-0.97128193 0.09685406 -0.21732625 0.20223207 0.22007414 0.01852454 -0.97530724 0.47277132 -0.09043660 -0.99512619 -0.03930762 0.21235699 0.00000000 0.00000000 0.00000000 1.00000000
-0.98687770 0.08002877 -0.14024197 0.34386102 0.14372050 0.03947302 -0.98883077 0.44080557 -0.07359914 -0.99601068 -0.05045682 0.20697032 0.00000000 0.00000000 0.00000000 1.00000000
-0.99687735 0.04691197 -0.06352024 0.50096868 0.06633800 0.06117331 -0.99592023 0.43434959 -0.04283484 -0.99702412 -0.06409434 0.21000551 0.00000000 0.00000000 0.00000000 1.00000000
-0.99990255 0.00731196 0.01189238 0.64894978 -0.01137809 0.06675465 -0.99770454 0.44446983 -0.00808905 -0.99774263 -0.06666495 0.21530129 0.00000000 0.00000000 0.00000000 1.00000000
-0.99610973 -0.02806607 0.08353268 0.78775435 -0.08504246 0.05777793 -0.99470070 0.46860860 0.02309099 -0.99793487 -0.05993996 0.22545185 0.00000000 0.00000000 0.00000000 1.00000000
-0.98686872 -0.05580481 0.15157818 0.91257067 -0.15376125 0.03713606 -0.98740994 0.50345936 0.04947321 -0.99775084 -0.04522903 0.23933123 0.00000000 0.00000000 0.00000000 1.00000000
-0.97685858 -0.04606360 0.20886710 0.96178474 -0.20925676 0.00375193 -0.97785353 0.54653019 0.04425980 -0.99893146 -0.01330422 0.25688608 0.00000000 0.00000000 0.00000000 1.00000000
-0.98728337 0.13368695 0.08601943 0.97019596 -0.09004813 -0.02437570 -0.99563907 0.30532516 -0.13100717 -0.99072379 0.03610398 0.26702840 0.00000000 0.00000000 0.00000000 1.00000000
-0.98643282 0.12495517 0.10647303 0.69679884 -0.11291180 -0.04561066 -0.99255760 0.07370134 -0.11916890 -0.99111345 0.05910076 0.31887017 0.00000000 0.00000000 0.00000000 1.00000000
-0.98526872 0.10954758 0.13131978 0.43454093 -0.13926050 -0.06826440 -0.98790004 -0.14495275 -0.09925759 -0.99163466 0.08251442 0.37270450 0.00000000 0.00000000 0.00000000 1.00000000
-0.98291255 0.10118434 0.15376816 0.18138403 -0.16267085 -0.08653306 -0.98287854 -0.34198939 -0.08614588 -0.99109725 0.10151417 0.41489369 0.00000000 0.00000000 0.00000000 1.00000000
-0.97970319 0.09596120 0.17599177 -0.05176891 -0.18524478 -0.09796263 -0.97779737 -0.52362620 -0.07659000 -0.99055276 0.11375061 0.44346174 0.00000000 0.00000000 0.00000000 1.00000000
-0.97437896 0.07797768 0.21096236 -0.15319983 -0.21663004 -0.07317981 -0.97350714 -0.68910033 -0.06047364 -0.99426566 0.08819717 0.41382036 0.00000000 0.00000000 0.00000000 1.00000000
-0.96905127 0.04493413 0.24273559 -0.12331200 -0.24435851 -0.03498743 -0.96905356 -0.85457563 -0.03505089 -0.99837708 0.04488465 0.35479377 0.00000000 0.00000000 0.00000000 1.00000000
-0.96273274 0.00117588 0.27045201 0.00340842 -0.27042810 0.00980457 -0.96269025 -1.01052289 -0.00378368 -0.99995124 -0.00912119 0.27963227 0.00000000 0.00000000 0.00000000 1.00000000
-0.95485736 -0.04289301 0.29395172 0.23317112 -0.29545471 0.03424356 -0.95474284 -1.06192421 0.03088584 -0.99849265 -0.04537066 0.24980738 0.00000000 0.00000000 0.00000000 1.00000000
-0.94882687 -0.06209217 0.30963227 0.42594334 -0.31227246 0.03840412 -0.94921601 -1.03890741 0.04704773 -0.99733128 -0.05582854 0.25035138 0.00000000 0.00000000 0.00000000 1.00000000
-0.94477167 -0.06268123 0.32167926 0.59754647 -0.32390459 0.02906974 -0.94564304 -0.96379294 0.04992293 -0.99761015 -0.04776700 0.27268612 0.00000000 0.00000000 0.00000000 1.00000000
-0.93938945 -0.04686446 0.33963388 0.79742971 -0.34060448 0.01432360 -0.94009756 -0.86155120 0.03919239 -0.99879856 -0.02941769 0.30775358 0.00000000 0.00000000 0.00000000 1.00000000
-0.93735085 -0.01416320 0.34809881 0.94610885 -0.34821637 0.00683654 -0.93738926 -0.72877992 0.01089664 -0.99987633 -0.01134010 0.31636076 0.00000000 0.00000000 0.00000000 1.00000000
-0.93588160 0.02893879 0.35112417 1.06706733 -0.35115210 0.00427846 -0.93630865 -0.57593939 -0.02859791 -0.99957203 0.00615779 0.30600388 0.00000000 0.00000000 0.00000000 1.00000000
-0.92976790 0.07282174 0.36087207 1.22134305 -0.36139766 0.00628628 -0.93239059 -0.41236702 -0.07016685 -0.99732516 0.02047283 0.27521732 0.00000000 0.00000000 0.00000000 1.00000000
-0.92231416 0.10146407 0.37288287 1.36422467 -0.37435562 0.00483503 -0.92727261 -0.25389882 -0.09588775 -0.99482745 0.03352423 0.28852947 0.00000000 0.00000000 0.00000000 1.00000000
-0.81136888 -0.03326446 0.58358719 1.72359146 -0.58445962 0.03019138 -0.81086092 0.23923697 0.00935355 -0.99899047 -0.04393808 0.25210086 0.00000000 0.00000000 0.00000000 1.00000000
-0.78896716 -0.02925522 0.61373851 1.62261890 -0.61443528 0.03701718 -0.78809835 0.15973835 0.00033712 -0.99888631 -0.04718078 0.24692809 0.00000000 0.00000000 0.00000000 1.00000000
-0.76743770 -0.02485389 0.64064160 1.53418096 -0.64111951 0.03328863 -0.76671875 0.08238582 -0.00227014 -0.99913670 -0.04148126 0.25598622 0.00000000 0.00000000 0.00000000 1.00000000
-0.74981459 -0.01843475 0.66139114 1.45508159 -0.66164735 0.02229417 -0.74948366 0.00487000 -0.00092862 -0.99958148 -0.02891380 0.27183085 0.00000000 0.00000000 0.00000000 1.00000000
-0.75792929 -0.00160809 0.65233474 1.38878191 -0.65233322 0.00514198 -0.75791485 -0.08346854 -0.00213550 -0.99998549 -0.00494627 0.27298801 0.00000000 0.00000000 0.00000000 1.00000000
-0.78004357 0.01149589 0.62561959 1.33679335 -0.62572482 -0.01322362 -0.77993179 -0.14850437 -0.00069305 -0.99984648 0.01750826 0.27206940 0.00000000 0.00000000 0.00000000 1.00000000
-0.80929007 0.02227882 0.58698657 1.29815492 -0.58740881 -0.02952425 -0.80875164 -0.20001137 -0.00068769 -0.99931575 0.03698046 0.26866327 0.00000000 0.00000000 0.00000000 1.00000000
-0.83570585 0.03779422 0.54787529 1.29318253 -0.54883753 -0.02238839 -0.83562918 -0.25849979 -0.01931591 -0.99903471 0.03945299 0.25605946 0.00000000 0.00000000 0.00000000 1.00000000
-0.85914329 0.05078016 0.50920937 1.25702837 -0.51042162 -0.01378671 -0.85981376 -0.29634581 -0.03664116 -0.99861469 0.03776405 0.24218646 0.00000000 0.00000000 0.00000000 1.00000000
-0.87752866 0.06117789 0.47560564 1.18518478 -0.47669339 -0.00368270 -0.87906192 -0.33231451 -0.05202764 -0.99812008 0.03239477 0.23068584 0.00000000 0.00000000 0.00000000 1.00000000
-0.87646829 0.06214449 0.47743209 0.98746908 -0.47767422 0.01186314 -0.87845694 -0.43792388 -0.06025510 -0.99799666 0.01928716 0.24108418 0.00000000 0.00000000 0.00000000 1.00000000
-0.86052282 0.05634291 0.50628644 0.72800877 -0.50582889 0.02316250 -0.86232281 -0.55883232 -0.06031264 -0.99814276 0.00856801 0.24778286 0.00000000 0.00000000 0.00000000 1.00000000
-0.83376510 0.04598263 0.55020120 0.43721563 -0.54941794 0.02935825 -0.83503175 -0.69960756 -0.05454990 -0.99851074 0.00078580 0.25132656 0.00000000 0.00000000 0.00000000 1.00000000
-0.80384057 0.03437788 0.59385058 0.18298898 -0.59353072 0.01996852 -0.80456358 -0.91563561 -0.03951751 -0.99920940 0.00435282 0.24816678 0.00000000 0.00000000 0.00000000 1.00000000
-0.77654596 0.02986839 0.62935225 0.02247691 -0.62964065 -0.00032357 -0.77688645 -1.06898785 -0.02300070 -0.99955379 0.01905762 0.23905302 0.00000000 0.00000000 0.00000000 1.00000000
-0.75150840 0.02554037 0.65922895 -0.07013681 -0.65972106 -0.02636506 -0.75104794 -1.18837710 -0.00180143 -0.99932606 0.03666309 0.23419174 0.00000000 0.00000000 0.00000000 1.00000000
-0.73072805 -0.00731360 0.68262950 -0.05818677 -0.68143471 -0.05228106 -0.73000920 -1.31364490 0.04102759 -0.99860563 0.03321950 0.28001368 0.00000000 0.00000000 0.00000000 1.00000000
-0.72291180 -0.04907595 0.68919524 -0.02132144 -0.68660149 -0.06058483 -0.72450526 -1.39281302 0.07731056 -0.99695588 0.01010187 0.32752796 0.00000000 0.00000000 0.00000000 1.00000000
-0.72295706 -0.09196060 0.68474545 0.02404992 -0.68293958 -0.05483068 -0.72841412 -1.44192456 0.10453046 -0.99425190 -0.02316330 0.36800834 0.00000000 0.00000000 0.00000000 1.00000000
-0.27179512 0.01633414 0.96221651 0.51826503 -0.96061303 0.05552992 -0.27228484 -0.85455071 -0.05787934 -0.99832341 0.00059802 0.18274399 0.00000000 0.00000000 0.00000000 1.00000000
-0.20700204 0.00743141 0.97831229 0.60166713 -0.97717952 0.04713098 -0.20712038 -0.60736991 -0.04764801 -0.99886107 -0.00249439 0.18729268 0.00000000 0.00000000 0.00000000 1.00000000
-0.15172843 -0.00087611 0.98842183 0.68580479 -0.98780363 0.03550774 -0.15160206 -0.35899498 -0.03496381 -0.99936902 -0.00625296 0.20178128 0.00000000 0.00000000 0.00000000 1.00000000
-0.14608272 -0.00600983 0.98925412 0.81209988 -0.98894943 0.02643635 -0.14587712 -0.10693340 -0.02527557 -0.99963243 -0.00980531 0.21493356 0.00000000 0.00000000 0.00000000 1.00000000
-0.16406552 -0.01369368 0.98635439 0.97873495 -0.98621757 0.02395594 -0.16371017 0.01503207 -0.02138726 -0.99961923 -0.01743529 0.19915725 0.00000000 0.00000000 0.00000000 1.00000000
-0.19471345 -0.01964448 0.98066343 1.17101338 -0.98065939 0.02412723 -0.19422934 0.04791171 -0.01984516 -0.99951587 -0.02396244 0.17478935 0.00000000 0.00000000 0.00000000 1.00000000
-0.22317480 -0.00647604 0.97475693 1.38326840 -0.97466843 0.01650583 -0.22304487 -0.02210017 -0.01464473 -0.99984280 -0.00999568 0.19629372 0.00000000 0.00000000 0.00000000 1.00000000
-0.25390007 0.01062591 0.96717209 1.56357659 -0.96716099 0.00919509 -0.25399818 -0.13271678 -0.01159220 -0.99990127 0.00794233 0.23195235 0.00000000 0.00000000 0.00000000 1.00000000
-0.28040370 0.02979814 0.95941953 1.73386500 -0.95983226 0.00148713 -0.28057052 -0.28856637 -0.00978726 -0.99955483 0.02818422 0.27323281 0.00000000 0.00000000 0.00000000 1.00000000
-0.27574448 0.04886205 0.95998827 1.94940275 -0.96121083 -0.00755160 -0.27571128 -0.57702678 -0.00622237 -0.99877699 0.04904904 0.30155508 0.00000000 0.00000000 0.00000000 1.00000000
-0.26547781 0.07577941 0.96113423 2.06589589 -0.96411663 -0.02170809 -0.26459004 -0.89679695 0.00081391 -0.99688828 0.07882320 0.32099289 0.00000000 0.00000000 0.00000000 1.00000000
-0.25009271 0.10541111 0.96246669 2.12733276 -0.96815456 -0.03894943 -0.24730486 -1.23255221 0.01141885 -0.99366566 0.11179521 0.34247643 0.00000000 0.00000000 0.00000000 1.00000000
-0.22242995 0.12544949 0.96684401 2.18754683 -0.97448728 -0.05911308 -0.21651833 -1.56021645 0.02999102 -0.99033735 0.13539745 0.40478268 0.00000000 0.00000000 0.00000000 1.00000000
-0.19701959 0.14119041 0.97017965 2.24102699 -0.97963947 -0.06731053 -0.18914494 -1.89271858 0.03859785 -0.98769153 0.15157719 0.46807535 0.00000000 0.00000000 0.00000000 1.00000000
-0.17267660 0.15114838 0.97331236 2.29621654 -0.98408585 -0.06853544 -0.16394488 -2.21804915 0.04192639 -0.98613237 0.16057745 0.53489115 0.00000000 0.00000000 0.00000000 1.00000000
-0.14812518 0.14263397 0.97862888 2.38119178 -0.98790796 -0.06715787 -0.13974148 -2.48844370 0.04579074 -0.98749449 0.15085701 0.61818786 0.00000000 0.00000000 0.00000000 1.00000000
-0.14776307 0.10925630 0.98296955 2.46034562 -0.98819503 -0.05696390 -0.14221709 -2.56377071 0.04045567 -0.99238006 0.11638369 0.69892898 0.00000000 0.00000000 0.00000000 1.00000000
-0.16091084 0.06554847 0.98478988 2.52908719 -0.98646858 -0.04244947 -0.15835966 -2.52076073 0.03142357 -0.99694606 0.07149209 0.77517229 0.00000000 0.00000000 0.00000000 1.00000000
-0.17447827 0.03917237 0.98388153 2.55751160 -0.98430234 -0.03390633 -0.17320295 -2.40509937 0.02657504 -0.99865704 0.04447337 0.83658405 0.00000000 0.00000000 0.00000000 1.00000000
-0.18281500 0.02904282 0.98271827 2.57243786 -0.98287727 -0.02882585 -0.18199267 -2.27565269 0.02304211 -0.99916244 0.03381533 0.85681545 0.00000000 0.00000000 0.00000000 1.00000000
-0.18726404 0.02768517 0.98191940 2.56522402 -0.98208457 -0.02667226 -0.18654352 -2.12707962 0.02102552 -0.99926079 0.03218393 0.85119010 0.00000000 0.00000000 0.00000000 1.00000000
-0.17412653 -0.13826639 0.97496788 1.78876326 -0.98323637 -0.02997690 -0.17985447 -0.11188414 0.05409435 -0.98994131 -0.13072877 0.31463312 0.00000000 0.00000000 0.00000000 1.00000000
-0.20055505 -0.13107251 0.97087469 1.72286692 -0.97835953 -0.02468726 -0.20543410 -0.00922504 0.05089500 -0.99106535 -0.12328489 0.34533586 0.00000000 0.00000000 0.00000000 1.00000000
-0.22688962 -0.09313555 0.96945700 1.64689079 -0.97326856 -0.01473238 -0.22919701 0.02065739 0.03562880 -0.99554444 -0.08730328 0.34591306 0.00000000 0.00000000 0.00000000 1.00000000
-0.25291075 -0.02085719 0.96726477 1.49591298 -0.96748749 0.00335477 -0.25289664 -0.06219123 0.00202977 -0.99977684 -0.02102753 0.29608376 0.00000000 0.00000000 0.00000000 1.00000000
-0.27372587 0.05223192 0.96038845 1.32253172 -0.96123622 0.01956169 -0.27503138 -0.15887604 -0.03315224 -0.99844337 0.04485268 0.22360307 0.00000000 0.00000000 0.00000000 1.00000000
-0.29005244 0.11298047 0.95031837 1.15611379 -0.95492933 0.03128871 -0.29517960 -0.26047242 -0.06308376 -0.99310444 0.09881300 0.15014526 0.00000000 0.00000000 0.00000000 1.00000000
-0.30298438 0.11068036 0.94654653 1.08162964 -0.95104339 0.02842454 -0.30774750 -0.35237952 -0.06096675 -0.99344950 0.09664964 0.13246763 0.00000000 0.00000000 0.00000000 1.00000000
-0.31114872 0.09920346 0.94516937 1.03880634 -0.94876576 0.02517944 -0.31497544 -0.44692153 -0.05504549 -0.99474855 0.08628630 0.12603609 0.00000000 0.00000000 0.00000000 1.00000000
-0.31674847 0.08398716 0.94478387 1.01563225 -0.94734297 0.02137450 -0.31950654 -0.54724015 -0.04702873 -0.99623757 0.07279430 0.12701318 0.00000000 0.00000000 0.00000000 1.00000000
-0.32167660 0.07271804 0.94405310 1.01181448 -0.94607786 0.01556261 -0.32356526 -0.66919849 -0.03822096 -0.99723111 0.06379080 0.13717485 0.00000000 0.00000000 0.00000000 1.00000000
-0.32307598 0.05640108 0.94469087 1.03693064 -0.94613085 0.00333191 -0.32376737 -0.78374111 -0.02140845 -0.99840263 0.05228634 0.17294832 0.00000000 0.00000000 0.00000000 1.00000000
-0.32246665 0.03281025 0.94601202 1.08400983 -0.94658019 -0.01233752 -0.32223242 -0.89336930 0.00109892 -0.99938545 0.03503597 0.22483381 0.00000000 0.00000000 0.00000000 1.00000000
-0.32089114 -0.01323982 0.94702354 1.16759569 -0.94657668 -0.02925840 -0.32114878 -0.99699170 0.03196034 -0.99948419 -0.00314374 0.29359635 0.00000000 0.00000000 0.00000000 1.00000000
-0.32109115 -0.04995989 0.94572960 1.24233887 -0.94526128 -0.04441074 -0.32327822 -1.07261998 0.05815150 -0.99776335 -0.03296525 0.36229160 0.00000000 0.00000000 0.00000000 1.00000000
-0.32195038 -0.07686841 0.94363086 1.30496329 -0.94354135 -0.05602110 -0.32648333 -1.14172983 0.07795949 -0.99546616 -0.05449250 0.42066504 0.00000000 0.00000000 0.00000000 1.00000000
-0.32252385 -0.07943151 0.94322267 1.33161506 -0.94328693 -0.05584138 -0.32724839 -1.24230280 0.07866469 -0.99527502 -0.05691653 0.43220150 0.00000000 0.00000000 0.00000000 1.00000000
-0.32684314 -0.08914026 0.94086533 1.31834652 -0.94220216 -0.04687944 -0.33174902 -1.35731879 0.07367944 -0.99491524 -0.06866592 0.40188614 0.00000000 0.00000000 0.00000000 1.00000000
-0.33240076 -0.09208764 0.93863177 1.26372837 -0.94122637 -0.03094708 -0.33635577 -1.47431892 0.06002212 -0.99526989 -0.07638849 0.34284513 0.00000000 0.00000000 0.00000000 1.00000000
-0.33451245 -0.05086478 0.94101764 1.10795132 -0.94219411 -0.00237623 -0.33505911 -1.57059768 0.01927878 -0.99870272 -0.04712962 0.24217401 0.00000000 0.00000000 0.00000000 1.00000000
-0.32363719 -0.00179911 0.94617954 1.02359790 -0.94599305 0.02055987 -0.32353431 -1.64195198 -0.01887126 -0.99978700 -0.00835589 0.15655892 0.00000000 0.00000000 0.00000000 1.00000000
-0.34843213 -0.07738843 0.93413387 1.61025813 -0.93622830 -0.01965882 -0.35084199 -1.78288890 0.04551508 -0.99680718 -0.06560347 0.24219638 0.00000000 0.00000000 0.00000000 1.00000000
-0.36787412 -0.06430396 0.92764952 1.60181484 -0.92882537 -0.02198931 -0.36986471 -1.81509918 0.04418214 -0.99768806 -0.05163786 0.25711694 0.00000000 0.00000000 0.00000000 1.00000000
-0.37576998 -0.01675474 0.92656149 1.44999355 -0.92612545 -0.02880738 -0.37611406 -1.78910843 0.03299350 -0.99944455 -0.00469204 0.28971218 0.00000000 0.00000000 0.00000000 1.00000000
-0.37569572 0.03783312 0.92597051 1.26143585 -0.92662348 -0.03138655 -0.37467826 -1.75118022 0.01488777 -0.99879104 0.04684885 0.30895917 0.00000000 0.00000000 0.00000000 1.00000000
-0.36478781 0.08355795 0.92733377 1.08983732 -0.93100402 -0.01914525 -0.36450649 -1.72786081 -0.01270338 -0.99631899 0.08477674 0.28156868 0.00000000 0.00000000 0.00000000 1.00000000
-0.34903130 0.11301658 0.93027114 0.95096234 -0.93658304 -0.00874983 -0.35033648 -1.72172021 -0.03145412 -0.99355457 0.10890338 0.26290308 0.00000000 0.00000000 0.00000000 1.00000000
-0.33106437 0.13299890 0.93418824 0.84474518 -0.94248269 0.00173257 -0.33425048 -1.71794664 -0.04607349 -0.99111467 0.12477557 0.23371062 0.00000000 0.00000000 0.00000000 1.00000000
-0.31138223 0.14119910 0.93973609 0.79383211 -0.94858062 0.01301252 -0.31626805 -1.70922032 -0.05688509 -0.98989570 0.12988686 0.17580874 0.00000000 0.00000000 0.00000000 1.00000000
-0.30629903 0.11412267 0.94506980 0.83194871 -0.95065762 0.01474966 -0.30989116 -1.68912089 -0.04930507 -0.99335717 0.10397378 0.12921618 0.00000000 0.00000000 0.00000000 1.00000000
-0.30708183 0.07679547 0.94857957 0.89967274 -0.95099837 0.01304197 -0.30892072 -1.65356613 -0.03609506 -0.99696157 0.06902742 0.09130437 0.00000000 0.00000000 0.00000000 1.00000000
-0.31337405 0.03564841 0.94896043 0.98567453 -0.94942129 0.00917727 -0.31387099 -1.58939285 -0.01989786 -0.99932225 0.03096944 0.06708528 0.00000000 0.00000000 0.00000000 1.00000000
-0.31740954 0.01968071 0.94808431 1.06077187 -0.94821793 0.00561504 -0.31757084 -1.53530082 -0.01157355 -0.99979055 0.01687934 0.04023234 0.00000000 0.00000000 0.00000000 1.00000000
-0.32372806 0.01695578 0.94599823 1.12027002 -0.94613212 0.00037487 -0.32378060 -1.49233341 -0.00584458 -0.99985617 0.01592105 0.03389174 0.00000000 0.00000000 0.00000000 1.00000000
-0.33628730 0.03051049 0.94126509 1.15049491 -0.94175759 -0.00891209 -0.33617438 -1.46899874 -0.00186821 -0.99949471 0.03173050 0.07499349 0.00000000 0.00000000 0.00000000 1.00000000
-0.34416881 0.04503160 0.93782727 1.17762428 -0.93886705 -0.02581032 -0.34331106 -1.47790377 0.00874577 -0.99865208 0.05116179 0.20004810 0.00000000 0.00000000 0.00000000 1.00000000
-0.34930462 0.05933288 0.93512881 1.21126044 -0.93679051 -0.04367496 -0.34715420 -1.50187479 0.02024405 -0.99728236 0.07083835 0.33582886 0.00000000 0.00000000 0.00000000 1.00000000
-0.35064037 0.07280303 0.93367609 1.26110212 -0.93602028 -0.05948742 -0.34688222 -1.54213064 0.03028791 -0.99557067 0.08900381 0.45026252 0.00000000 0.00000000 0.00000000 1.00000000
-0.35315219 0.08727017 0.93148669 1.29926404 -0.93471374 -0.07539756 -0.34731172 -1.58827526 0.03992186 -0.99332730 0.10819944 0.56216054 0.00000000 0.00000000 0.00000000 1.00000000
-0.35607978 0.10616416 0.92840528 1.33323844 -0.93337185 -0.08824238 -0.34789404 -1.63865280 0.04499081 -0.99042539 0.13051197 0.63539504 0.00000000 0.00000000 0.00000000 1.00000000
-0.35902711 0.13460409 0.92356985 1.36400197 -0.93247124 -0.09409988 -0.34877299 -1.69544966 0.03996154 -0.98642129 0.15929885 0.62226926 0.00000000 0.00000000 0.00000000 1.00000000
-0.35958088 0.15138279 0.92075232 1.40528730 -0.93262632 -0.09020138 -0.34938783 -1.74598953 0.03016183 -0.98435103 0.17361827 0.55561165 0.00000000 0.00000000 0.00000000 1.00000000
-0.36009377 0.16636948 0.91796170 1.44488413 -0.93273741 -0.08346301 -0.35076325 -1.79005538 0.01825955 -0.98252487 0.18523355 0.46412817 0.00000000 0.00000000 0.00000000 1.00000000
-0.44903109 -0.04635633 0.89231282 1.45693221 -0.89158326 -0.04240585 -0.45086698 -1.62028180 0.05873982 -0.99802447 -0.02228898 0.55603094 0.00000000 0.00000000 0.00000000 1.00000000
-0.43296126 -0.02143256 0.90115770 1.48212444 -0.90103432 -0.01866673 -0.43334594 -1.74891564 0.02610938 -0.99959602 -0.01122950 0.52346414 0.00000000 0.00000000 0.00000000 1.00000000
-0.40740836 0.01159735 0.91317246 1.49145414 -0.91320137 0.00472283 -0.40748124 -1.90246026 -0.00903846 -0.99992160 0.00866660 0.46210360 0.00000000 0.00000000 0.00000000 1.00000000
-0.36886782 0.05234760 0.92800661 1.46180971 -0.92856631 0.02354977 -0.37041871 -2.06670387 -0.04124487 -0.99835121 0.03992146 0.37016274 0.00000000 0.00000000 0.00000000 1.00000000
-0.32751249 0.09961669 0.93958080 1.45646867 -0.94246310 0.03615021 -0.33234992 -2.20833170 -0.06707364 -0.99436898 0.08204541 0.26350037 0.00000000 0.00000000 0.00000000 1.00000000
-0.28597206 0.12701267 0.94978301 1.46228871 -0.95513463 0.04192377 -0.29318977 -2.32755244 -0.07705730 -0.99101472 0.10932517 0.18507256 0.00000000 0.00000000 0.00000000 1.00000000
-0.24730768 0.10695326 0.96301605 1.47976172 -0.96719936 0.03224693 -0.25196335 -2.40758093 -0.05800261 -0.99374098 0.09547021 0.17966625 0.00000000 0.00000000 0.00000000 1.00000000
-0.22772656 0.06721891 0.97140220 1.53785608 -0.97328497 0.01427883 -0.22915600 -2.48900086 -0.02927410 -0.99763607 0.06217149 0.20011859 0.00000000 0.00000000 0.00000000 1.00000000
-0.22732467 0.01374582 0.97372201 1.63884946 -0.97381862 -0.00411649 -0.22728912 -2.56776669 0.00088404 -0.99989705 0.01432171 0.22728344 0.00000000 0.00000000 0.00000000 1.00000000
-0.26001156 -0.06037783 0.96371599 1.81393602 -0.96509344 -0.01624942 -0.26140124 -2.64060135 0.03144266 -0.99804332 -0.05404521 0.25568966 0.00000000 0.00000000 0.00000000 1.00000000
-0.30930891 -0.07489211 0.94800800 1.94508753 -0.95043579 -0.00880098 -0.31079631 -2.68767945 0.03161959 -0.99715280 -0.06845792 0.27852460 0.00000000 0.00000000 0.00000000 1.00000000
-0.36220791 -0.06448533 0.92986401 2.03920156 -0.93190911 0.00500648 -0.36265734 -2.71780316 0.01873073 -0.99790610 -0.06190786 0.28264055 0.00000000 0.00000000 0.00000000 1.00000000
-0.41371966 -0.03044440 0.90989515 2.07336399 -0.91037213 0.02224026 -0.41319239 -2.72336089 -0.00765691 -0.99928900 -0.03691696 0.24673402 0.00000000 0.00000000 0.00000000 1.00000000
-0.45634039 0.01524501 0.88967468 2.10939911 -0.88924914 0.02753154 -0.45659388 -2.68310638 -0.03145489 -0.99950468 0.00099286 0.25378802 0.00000000 0.00000000 0.00000000 1.00000000
-0.48487515 0.06510166 0.87215702 2.16889199 -0.87292465 0.02536458 -0.48719523 -2.59629297 -0.05383912 -0.99755622 0.04453019 0.27548184 0.00000000 0.00000000 0.00000000 1.00000000
-0.48862080 0.11823580 0.86444780 2.28028597 -0.86952930 0.01564831 -0.49363339 -2.42943575 -0.07189228 -0.99286224 0.09516340 0.30789117 0.00000000 0.00000000 0.00000000 1.00000000
-0.47923255 0.14568570 0.86551247 2.37321812 -0.87461796 0.00313903 -0.48480261 -2.30665965 -0.07334568 -0.98932594 0.12591501 0.31654299 0.00000000 0.00000000 0.00000000 1.00000000
-0.37893499 0.07794608 0.92213485 2.50489644 -0.92247450 -0.11129817 -0.36966676 -1.17389221 0.07381785 -0.99072556 0.11407804 0.59821193 0.00000000 0.00000000 0.00000000 1.00000000
-0.36860364 0.07188676 0.92680292 2.42883564 -0.92581208 -0.11814449 -0.35904578 -1.10419246 0.08368602 -0.99039092 0.11010212 0.63674152 0.00000000 0.00000000 0.00000000 1.00000000
-0.35743438 0.07508810 0.93091484 2.42158280 -0.93060343 -0.11279302 -0.34821686 -1.09323383 0.07885375 -0.99077723 0.11019335 0.60758799 0.00000000 0.00000000 0.00000000 1.00000000
-0.34552602 0.07693212 0.93525035 2.44403427 -0.93594936 -0.10036658 -0.33752828 -1.11120166 0.06790111 -0.99197177 0.10668383 0.55415453 0.00000000 0.00000000 0.00000000 1.00000000
-0.33256374 0.07081308 0.94041845 2.49661455 -0.94170902 -0.07869913 -0.32709412 -1.16284945 0.05084757 -0.99438019 0.09285779 0.48211415 0.00000000 0.00000000 0.00000000 1.00000000
-0.32158949 0.06612106 0.94456773 2.52793575 -0.94638108 -0.05479768 -0.31837096 -1.22168404 0.03070909 -0.99630579 0.08019808 0.38684720 0.00000000 0.00000000 0.00000000 1.00000000
-0.30860631 0.05976054 0.94931071 2.56671637 -0.95113150 -0.03044312 -0.30728178 -1.27750944 0.01053666 -0.99774841 0.06623507 0.29091966 0.00000000 0.00000000 0.00000000 1.00000000
-0.29004356 0.04895567 0.95576047 2.63344431 -0.95697902 -0.00636595 -0.29008728 -1.32275834 -0.00811709 -0.99878067 0.04869595 0.20588737 0.00000000 0.00000000 0.00000000 1.00000000
-0.27022225 0.05053486 0.96147083 2.69535822 -0.96254656 0.00864024 -0.27097871 -1.32528370 -0.02200121 -0.99868492 0.04630737 0.16873984 0.00000000 0.00000000 0.00000000 1.00000000
-0.25023897 0.05538989 0.96659837 2.75233289 -0.96754238 0.02203669 -0.25174615 -1.31331938 -0.03524482 -0.99822159 0.04807763 0.13825073 0.00000000 0.00000000 0.00000000 1.00000000
-0.23075483 0.06113183 0.97108965 2.80084037 -0.97174245 0.03648569 -0.23320679 -1.29155207 -0.04968723 -0.99746263 0.05098514 0.09736658 0.00000000 0.00000000 0.00000000 1.00000000
-0.20916807 0.04550013 0.97682059 2.81431461 -0.97646285 0.04403522 -0.21114262 -1.28267719 -0.05262153 -0.99799331 0.03521842 0.10908997 0.00000000 0.00000000 0.00000000 1.00000000
-0.18015154 0.02630478 0.98328708 2.81224886 -0.98222410 0.04878467 -0.18126187 -1.29079560 -0.05273738 -0.99846288 0.01704856 0.13494667 0.00000000 0.00000000 0.00000000 1.00000000
-0.13552390 0.01055110 0.99071790 2.79400084 -0.98939446 0.05130992 -0.13588931 -1.33017188 -0.05226744 -0.99862704 0.00348548 0.16462534 0.00000000 0.00000000 0.00000000 1.00000000
-0.09071996 0.00335837 0.99587078 2.77794907 -0.99454982 0.05129322 -0.09077260 -1.36026367 -0.05138627 -0.99867799 -0.00131325 0.17525106 0.00000000 0.00000000 0.00000000 1.00000000
-0.04577082 0.00037021 0.99895190 2.75912856 -0.99769901 0.05005280 -0.04573196 -1.38747232 -0.05001727 -0.99874650 -0.00192160 0.17758121 0.00000000 0.00000000 0.00000000 1.00000000
-0.00077266 0.00219151 0.99999730 2.73296381 -0.99886390 0.04764607 -0.00087620 -1.41322880 -0.04764786 -0.99886188 0.00215221 0.17154383 0.00000000 0.00000000 0.00000000 1.00000000
0.04440239 0.00657584 0.99899209 2.69084738 -0.99830524 0.03794588 0.04412208 -1.42956970 -0.03761749 -0.99925816 0.00824959 0.19974508 0.00000000 0.00000000 0.00000000 1.00000000
0.16603417 -0.08287976 0.98263096 2.54033553 -0.98593521 -0.03324180 0.16378872 -1.15391303 0.01908965 -0.99600498 -0.08723335 0.33770105 0.00000000 0.00000000 0.00000000 1.00000000
0.15196250 -0.09622288 0.98369129 2.64292541 -0.98838507 -0.01324968 0.15139155 -1.21153263 -0.00153373 -0.99527162 -0.09711872 0.25790213 0.00000000 0.00000000 0.00000000 1.00000000
0.13543849 -0.09785434 0.98594165 2.72081299 -0.99068358 0.00091562 0.13618077 -1.26369735 -0.01422863 -0.99520033 -0.09681867 0.23754085 0.00000000 0.00000000 0.00000000 1.00000000
0.11812713 -0.09256639 0.98867459 2.78797547 -0.99272444 0.01238088 0.11977019 -1.31180642 -0.02332736 -0.99562954 -0.09043040 0.23351406 0.00000000 0.00000000 0.00000000 1.00000000
0.10032670 -0.07818881 0.99187754 2.84430777 -0.99454205 0.02082237 0.10223762 -1.35372494 -0.02864708 -0.99672109 -0.07567302 0.23448735 0.00000000 0.00000000 0.00000000 1.00000000
0.09162392 -0.05038494 0.99451818 2.85253502 -0.99543945 0.02200245 0.09282349 -1.38986263 -0.02655874 -0.99848748 -0.04813921 0.24793702 0.00000000 0.00000000 0.00000000 1.00000000
0.08672778 -0.01756142 0.99607725 2.82016195 -0.99597256 0.02129071 0.08709403 -1.42830228 -0.02273669 -0.99961908 -0.01564420 0.25282863 0.00000000 0.00000000 0.00000000 1.00000000
0.08645855 0.02060364 0.99604237 2.71798200 -0.99609316 0.01983279 0.08605271 -1.47449311 -0.01798130 -0.99959099 0.02223786 0.23327098 0.00000000 0.00000000 0.00000000 1.00000000
0.09445858 0.04957761 0.99429354 2.63980393 -0.99534037 0.02413422 0.09335465 -1.53640288 -0.01936820 -0.99847864 0.05162628 0.21306947 0.00000000 0.00000000 0.00000000 1.00000000
0.11311061 0.06280515 0.99159543 2.58843259 -0.99333536 0.02940193 0.11144684 -1.58174488 -0.02215538 -0.99759262 0.06571225 0.20086497 0.00000000 0.00000000 0.00000000 1.00000000
0.15108829 0.04542267 0.98747613 2.58479729 -0.98818610 0.03291250 0.14968299 -1.58108881 -0.02570131 -0.99842553 0.04985874 0.20723829 0.00000000 0.00000000 0.00000000 1.00000000
0.18868911 0.02196322 0.98179124 2.59573462 -0.98161016 0.03368697 0.18790071 -1.57498873 -0.02894667 -0.99919108 0.02791568 0.22659073 0.00000000 0.00000000 0.00000000 1.00000000
0.22495718 0.00223033 0.97436610 2.60080694 -0.97380948 0.03438811 0.22474996 -1.56427877 -0.03300534 -0.99940607 0.00990776 0.24411943 0.00000000 0.00000000 0.00000000 1.00000000
0.25876054 -0.00606806 0.96592244 2.58508805 -0.96519847 0.03759069 0.25880274 -1.54645123 -0.03788012 -0.99927480 0.00387010 0.25088541 0.00000000 0.00000000 0.00000000 1.00000000
0.29276219 0.00317192 0.95618002 2.56576122 -0.95538572 0.04185672 0.29238014 -1.56462962 -0.03909515 -0.99911859 0.01528447 0.25710110 0.00000000 0.00000000 0.00000000 1.00000000
0.32857710 0.01949527 0.94427593 2.55275154 -0.94379483 0.04477378 0.32748530 -1.57177530 -0.03589438 -0.99880691 0.03311117 0.25809365 0.00000000 0.00000000 0.00000000 1.00000000
0.36826635 0.04268389 0.92873999 2.55562905 -0.92938078 0.04389684 0.36650299 -1.53545243 -0.02512498 -0.99812382 0.05583531 0.24774064 0.00000000 0.00000000 0.00000000 1.00000000
0.40255732 0.06770830 0.91288728 2.52498729 -0.91534431 0.04024580 0.40065579 -1.48208852 -0.00961215 -0.99689310 0.07817764 0.23516261 0.00000000 0.00000000 0.00000000 1.00000000
0.43580542 0.08920503 0.89560934 2.49206252 -0.90002747 0.03775575 0.43419472 -1.42466228 0.00491795 -0.99529743 0.09674114 0.22523082 0.00000000 0.00000000 0.00000000 1.00000000
0.47037022 0.10159838 0.87660118 2.47172991 -0.88235851 0.03841541 0.46900715 -1.36684212 0.01397537 -0.99408351 0.10771566 0.22267534 0.00000000 0.00000000 0.00000000 1.00000000
0.64760160 -0.00863605 0.76193017 2.51491707 -0.76007595 -0.07795025 0.64514209 -1.15400112 0.05382117 -0.99691985 -0.05704476 0.23593114 0.00000000 0.00000000 0.00000000 1.00000000
0.65549113 -0.01503204 0.75505326 2.54005372 -0.75366083 -0.07687986 0.65275174 -1.17892070 0.04823621 -0.99692704 -0.06172313 0.20232052 0.00000000 0.00000000 0.00000000 1.00000000
0.66112195 -0.02190501 0.74995863 2.56517287 -0.74918551 -0.07320768 0.65830214 -1.17445057 0.04048261 -0.99707613 -0.06481012 0.17361559 0.00000000 0.00000000 0.00000000 1.00000000
0.67449145 -0.02627808 0.73781485 2.61924006 -0.73746898 -0.07088794 0.67165051 -1.14814825 0.03465249 -0.99713809 -0.06719258 0.17353478 0.00000000 0.00000000 0.00000000 1.00000000
0.69027848 -0.02531679 0.72310074 2.67983826 -0.72292744 -0.06537421 0.68782420 -1.12487848 0.02985864 -0.99753961 -0.06342861 0.19057952 0.00000000 0.00000000 0.00000000 1.00000000
0.70759405 -0.01387325 0.70648297 2.73968183 -0.70611451 -0.05166233 0.70621052 -1.12013598 0.02670112 -0.99856824 -0.04635206 0.23072594 0.00000000 0.00000000 0.00000000 1.00000000
0.72367528 -0.00506576 0.69012204 2.78135396 -0.68981262 -0.03613580 0.72308557 -1.12095241 0.02127513 -0.99933405 -0.02964501 0.26292015 0.00000000 0.00000000 0.00000000 1.00000000
0.73916143 0.00243683 0.67352390 2.82306100 -0.67333253 -0.02143592 0.73902897 -1.12535477 0.01623850 -0.99976725 -0.01420381 0.29349161 0.00000000 0.00000000 0.00000000 1.00000000
0.75416843 0.00874851 0.65662276 2.87421181 -0.65655367 -0.00964766 0.75421761 -1.13475722 0.01293315 -0.99991519 -0.00153209 0.32469196 0.00000000 0.00000000 0.00000000 1.00000000
0.76845951 0.00480586 0.63988036 2.94660561 -0.63989747 0.00406073 0.76844957 -1.14700155 0.00109468 -0.99998021 0.00619576 0.34074604 0.00000000 0.00000000 0.00000000 1.00000000
0.78173665 -0.00401109 0.62359579 3.03093334 -0.62345453 0.01720726 0.78167024 -1.15806610 -0.01386573 -0.99984390 0.01095081 0.34748754 0.00000000 0.00000000 0.00000000 1.00000000
0.79341601 -0.01807506 0.60841131 3.13076500 -0.60786419 0.02819676 0.79354021 -1.16502882 -0.03149851 -0.99943896 0.01138458 0.34135992 0.00000000 0.00000000 0.00000000 1.00000000
0.80468029 -0.00785965 0.59365634 3.21004762 -0.59322219 0.02981361 0.80448653 -1.17046633 -0.02402202 -0.99952457 0.01932790 0.33633915 0.00000000 0.00000000 0.00000000 1.00000000
0.81608581 0.01026602 0.57783956 3.28177672 -0.57785248 0.03094900 0.81555421 -1.16816801 -0.00951106 -0.99946824 0.03118928 0.32459583 0.00000000 0.00000000 0.00000000 1.00000000
0.82817466 0.03301047 0.55949713 3.34758455 -0.56042247 0.03576044 0.82743449 -1.14923941 0.00730614 -0.99881505 0.04811570 0.29715458 0.00000000 0.00000000 0.00000000 1.00000000
0.83801606 0.04775040 0.54355219 3.38097773 -0.54521146 0.03354929 0.83762695 -1.14300991 0.02176123 -0.99829572 0.05414891 0.26953362 0.00000000 0.00000000 0.00000000 1.00000000
0.84631830 0.05161877 0.53017057 3.38509591 -0.53187360 0.02722729 0.84638594 -1.14335335 0.02925429 -0.99829564 0.05049761 0.24651505 0.00000000 0.00000000 0.00000000 1.00000000
0.85271846 0.03525223 0.52117992 3.34070915 -0.52189792 0.01505119 0.85287515 -1.15159427 0.02222137 -0.99926510 0.03123250 0.23391478 0.00000000 0.00000000 0.00000000 1.00000000
0.85724676 0.01093651 0.51478965 3.29757321 -0.51476352 -0.00529962 0.85731583 -1.17001603 0.01210423 -0.99992615 0.00108663 0.25556395 0.00000000 0.00000000 0.00000000 1.00000000
0.87354636 0.07127567 0.48149407 2.93516008 -0.47111270 -0.12484650 0.87319309 -1.52692900 0.12235027 -0.98961262 -0.07548033 0.50632824 0.00000000 0.00000000 0.00000000 1.00000000
0.87778459 0.07566306 0.47304261 2.90345773 -0.46321994 -0.11773149 0.87838863 -1.57649779 0.12215358 -0.99015877 -0.06829425 0.54780778 0.00000000 0.00000000 0.00000000 1.00000000
0.88619288 0.07937139 0.45646726 2.92433121 -0.44765611 -0.10730152 0.88774455 -1.59222327 0.11944115 -0.99105326 -0.05955876 0.54560284 0.00000000 0.00000000 0.00000000 1.00000000
0.89594114 0.08191299 0.43655439 2.97325481 -0.42896345 -0.09542540 0.89826741 -1.59786811 0.11523815 -0.99206061 -0.05035786 0.52832503 0.00000000 0.00000000 0.00000000 1.00000000
0.90669794 0.08235544 0.41366222 3.05701102 -0.40748043 -0.08217802 0.90950892 -1.59889524 0.10889695 -0.99320912 -0.04095242 0.50053188 0.00000000 0.00000000 0.00000000 1.00000000
0.91730467 0.07699342 0.39067141 3.14694863 -0.38589962 -0.06994603 0.91988534 -1.60039876 0.09815103 -0.99457507 -0.03445009 0.45502352 0.00000000 0.00000000 0.00000000 1.00000000
0.92727421 0.06940698 0.36789294 3.23580566 -0.36446680 -0.05731172 0.92945108 -1.59533830 0.08559497 -0.99594078 -0.02784714 0.40715755 0.00000000 0.00000000 0.00000000 1.00000000
0.93637516 0.06009986 0.34581724 3.31886096 -0.34368703 -0.04308699 0.93809527 -1.57525264 0.07127962 -0.99726201 -0.01969005 0.36348541 0.00000000 0.00000000 0.00000000 1.00000000
0.94388680 0.03565636 0.32833876 3.36748648 -0.32730895 -0.03181691 0.94438156 -1.53416799 0.04411993 -0.99885750 -0.01836091 0.31063041 0.00000000 0.00000000 0.00000000 1.00000000
0.95005481 0.00846115 0.31196838 3.39690335 -0.31171431 -0.02285505 0.94990096 -1.48327518 0.01516730 -0.99970298 -0.01907609 0.26311872 0.00000000 0.00000000 0.00000000 1.00000000
0.95513306 -0.01674085 0.29570353 3.40117277 -0.29597514 -0.01709176 0.95504272 -1.42149019 -0.01093413 -0.99971377 -0.02127978 0.23275475 0.00000000 0.00000000 0.00000000 1.00000000
0.95745047 -0.03307828 0.28669570 3.37012426 -0.28732785 -0.01617137 0.95769577 -1.36582655 -0.02704267 -0.99932193 -0.02498759 0.22701994 0.00000000 0.00000000 0.00000000 1.00000000
0.95842231 -0.04851013 0.28120000 3.33220724 -0.28220202 -0.01507734 0.95923651 -1.31304418 -0.04229294 -0.99870889 -0.02814012 0.22387167 0.00000000 0.00000000 0.00000000 1.00000000
0.95776299 -0.06664560 0.27972920 3.29770553 -0.28104179 -0.01101725 0.95963229 -1.26342957 -0.06087342 -0.99771588 -0.02928212 0.21343577 0.00000000 0.00000000 0.00000000 1.00000000
0.95573143 -0.08572733 0.28147516 3.27493219 -0.28347164 -0.01182893 0.95890766 -1.23385508 -0.07887504 -0.99624841 -0.03560654 0.21628055 0.00000000 0.00000000 0.00000000 1.00000000
0.95334169 -0.10174222 0.28423254 3.25976217 -0.28696295 -0.01297929 0.95785375 -1.20658183 -0.09376503 -0.99472612 -0.04156995 0.21499418 0.00000000 0.00000000 0.00000000 1.00000000
0.95130631 -0.11040059 0.28779858 3.25550454 -0.29086679 -0.01242228 0.95668291 -1.17390395 -0.10204325 -0.99380954 -0.04392926 0.19755472 0.00000000 0.00000000 0.00000000 1.00000000
0.95095987 -0.11119145 0.28863780 3.25946173 -0.29201338 -0.01501679 0.95629634 -1.13067027 -0.10199756 -0.99368554 -0.04674975 0.17849829 0.00000000 0.00000000 0.00000000 1.00000000
0.95192284 -0.10138596 0.28907404 3.26229647 -0.29235108 -0.01878260 0.95612659 -1.08516743 -0.09150825 -0.99466985 -0.04751988 0.16966150 0.00000000 0.00000000 0.00000000 1.00000000
0.95580468 0.10107670 0.27608137 1.89147098 -0.28169487 0.04599034 0.95840121 -1.43903007 0.08417495 -0.99381507 0.07243057 0.32744555 0.00000000 0.00000000 0.00000000 1.00000000
0.96922135 0.10382333 0.22322791 1.85466135 -0.22782305 0.03458300 0.97308821 -1.50452368 0.09330937 -0.99399433 0.05717193 0.31615640 0.00000000 0.00000000 0.00000000 1.00000000
0.98095844 0.11477863 0.15667292 1.84534981 -0.16031986 0.02320539 0.98679231 -1.55460810 0.10962701 -0.99312002 0.04116482 0.29307461 0.00000000 0.00000000 0.00000000 1.00000000
0.98746855 0.14253576 0.06774528 1.87259730 -0.07021318 0.01235060 0.99745555 -1.56411821 0.14133639 -0.98971259 0.02220372 0.27765193 0.00000000 0.00000000 0.00000000 1.00000000
0.98536456 0.16901786 -0.02212815 1.85353550 0.02155497 0.00522549 0.99975401 -1.53300030 0.16909192 -0.98559914 0.00150584 0.29898864 0.00000000 0.00000000 0.00000000 1.00000000
0.97542924 0.19039426 -0.11085045 1.82765000 0.11245724 0.00237866 0.99365372 -1.49594732 0.18944964 -0.98170483 -0.01909100 0.32726232 0.00000000 0.00000000 0.00000000 1.00000000
0.95966215 0.20059993 -0.19699801 1.81105180 0.20020048 0.00440182 0.97974506 -1.46644159 0.19740394 -0.97966336 -0.03593594 0.35176976 0.00000000 0.00000000 0.00000000 1.00000000
0.93629004 0.20091402 -0.28808769 1.85660375 0.29440027 -0.00161340 0.95568084 -1.43976347 0.19154488 -0.97960755 -0.06065975 0.36851487 0.00000000 0.00000000 0.00000000 1.00000000
0.90543647 0.19334397 -0.37789273 1.92572099 0.38725152 -0.01164833 0.92190053 -1.40970511 0.17384209 -0.98106189 -0.08541956 0.38444833 0.00000000 0.00000000 0.00000000 1.00000000
0.86870578 0.17294893 -0.46415400 2.01471429 0.47528690 -0.02719027 0.87941062 -1.37046442 0.13947265 -0.98455541 -0.10582070 0.40251536 0.00000000 0.00000000 0.00000000 1.00000000
0.82572779 0.13994378 -0.54643331 2.12710968 0.55656623 -0.04466121 0.82960196 -1.29315562 0.09169326 -0.98915172 -0.11476598 0.36942736 0.00000000 0.00000000 0.00000000 1.00000000
0.77290739 0.11016348 -0.62488253 2.23733940 0.63283025 -0.06203364 0.77180159 -1.20481640 0.04626061 -0.99197572 -0.11766104 0.32103941 0.00000000 0.00000000 0.00000000 1.00000000
0.70871622 0.09273809 -0.69937183 2.33074010 0.70536583 -0.07427408 0.70494142 -1.11271666 0.01342972 -0.99291642 -0.11805352 0.26578166 0.00000000 0.00000000 0.00000000 1.00000000
0.62710800 0.08648440 -0.77411627 2.46577238 0.77886074 -0.08309423 0.62166816 -1.03767499 -0.01055999 -0.99278185 -0.11946836 0.27467067 0.00000000 0.00000000 0.00000000 1.00000000
0.53686805 0.07994342 -0.83987008 2.60581655 0.84309862 -0.08734841 0.53061753 -0.97069094 -0.03094194 -0.99296491 -0.11429476 0.30415343 0.00000000 0.00000000 0.00000000 1.00000000
0.44401152 0.06550037 -0.89362379 2.73527954 0.89481472 -0.08414908 0.43843534 -0.91251221 -0.04647995 -0.99429806 -0.09597386 0.34556441 0.00000000 0.00000000 0.00000000 1.00000000
0.35002691 0.05047362 -0.93537884 2.85521475 0.93565153 -0.06695399 0.34651607 -0.86267598 -0.04513743 -0.99647859 -0.07066142 0.35062588 0.00000000 0.00000000 0.00000000 1.00000000
0.25766035 0.02950933 -0.96578483 2.99187419 0.96568453 -0.04161615 0.25636202 -0.82606460 -0.03262717 -0.99869780 -0.03921954 0.32360618 0.00000000 0.00000000 0.00000000 1.00000000
0.17295871 -0.00316460 -0.98492399 3.17037461 0.98491343 -0.00507999 0.17297318 -0.81475158 -0.00555079 -0.99998209 0.00223823 0.24402915 0.00000000 0.00000000 0.00000000 1.00000000
0.08868706 -0.03378846 -0.99548629 3.35225282 0.99575422 0.02775132 0.08776900 -0.78871472 0.02466048 -0.99904364 0.03610618 0.17375858 0.00000000 0.00000000 0.00000000 1.00000000
0.12382748 0.13926944 -0.98248195 4.04472853 0.99229652 -0.01359613 0.12313717 -1.76589938 0.00379129 -0.99016118 -0.13988016 0.55226955 0.00000000 0.00000000 0.00000000 1.00000000
0.14186010 0.18981721 -0.97151693 4.01079975 0.98988436 -0.02506316 0.13964520 -1.93144314 0.00215778 -0.98149950 -0.19145255 0.67079307 0.00000000 0.00000000 0.00000000 1.00000000
0.16209706 0.22198995 -0.96148063 3.92587878 0.98677452 -0.03722043 0.15776781 -2.11933309 -0.00076385 -0.97433829 -0.22508735 0.76661914 0.00000000 0.00000000 0.00000000 1.00000000
0.18322686 0.24220079 -0.95276791 3.82992168 0.98306205 -0.04919767 0.17654630 -2.32067652 -0.00411431 -0.96897800 -0.24711274 0.84820572 0.00000000 0.00000000 0.00000000 1.00000000
0.20513289 0.24557712 -0.94742408 3.73586331 0.97869770 -0.05982104 0.19639822 -2.54069012 -0.00844498 -0.96752949 -0.25261702 0.90989157 0.00000000 0.00000000 0.00000000 1.00000000
0.22572509 0.23906417 -0.94440273 3.65719918 0.97417284 -0.06131802 0.21731863 -2.75022089 -0.00595581 -0.96906575 -0.24673083 0.91389054 0.00000000 0.00000000 0.00000000 1.00000000
0.24240947 0.22460825 -0.94381607 3.60910170 0.97016020 -0.06131553 0.23458389 -2.92858498 -0.00518110 -0.97251814 -0.23276945 0.89949190 0.00000000 0.00000000 0.00000000 1.00000000
0.25098135 0.19735075 -0.94766083 3.62149460 0.96792195 -0.06293660 0.24324079 -3.04254220 -0.01163879 -0.97831062 -0.20681603 0.87406116 0.00000000 0.00000000 0.00000000 1.00000000
0.26289446 0.18788584 -0.94635375 3.64329159 0.96464937 -0.06987879 0.25410343 -3.08075231 -0.01838762 -0.97970193 -0.19961470 0.86244182 0.00000000 0.00000000 0.00000000 1.00000000
0.27702080 0.18625810 -0.94263853 3.65351015 0.96051160 -0.08024362 0.26641778 -3.09234802 -0.02601826 -0.97921851 -0.20113221 0.86945222 0.00000000 0.00000000 0.00000000 1.00000000
0.29439408 0.19275452 -0.93604371 3.63302866 0.95503053 -0.09555374 0.28068873 -3.08412608 -0.03533846 -0.97658342 -0.21221691 0.91071165 0.00000000 0.00000000 0.00000000 1.00000000
0.31343501 0.20486053 -0.92724897 3.58736724 0.94864964 -0.11144518 0.29604701 -3.07692007 -0.04268908 -0.97242590 -0.22927169 0.94341198 0.00000000 0.00000000 0.00000000 1.00000000
0.33112232 0.21507892 -0.91874864 3.53755712 0.94237032 -0.12482428 0.31041436 -3.07037109 -0.04791856 -0.96858658 -0.24401610 0.96348052 0.00000000 0.00000000 0.00000000 1.00000000
0.34485827 0.21852412 -0.91286362 3.49180741 0.93732411 -0.13193669 0.32251545 -3.06483691 -0.04996280 -0.96687120 -0.25032738 0.95985112 0.00000000 0.00000000 0.00000000 1.00000000
0.35664644 0.21990355 -0.90798995 3.44495154 0.93279123 -0.13791289 0.33298732 -3.05770748 -0.05199843 -0.96572380 -0.25431024 0.94795828 0.00000000 0.00000000 0.00000000 1.00000000
0.36638071 0.22077118 -0.90389450 3.40724166 0.92884884 -0.14401222 0.34132141 -3.04244041 -0.05481792 -0.96463494 -0.25782636 0.93631481 0.00000000 0.00000000 0.00000000 1.00000000
0.37257832 0.22164057 -0.90114419 3.39073179 0.92609548 -0.15099580 0.34575632 -3.00967486 -0.05943536 -0.96336687 -0.26151809 0.92964272 0.00000000 0.00000000 0.00000000 1.00000000
0.36015807 0.21781297 -0.90710731 3.41902309 0.93113778 -0.14352268 0.33523673 -2.98206320 -0.05717156 -0.96538011 -0.25450474 0.91145237 0.00000000 0.00000000 0.00000000 1.00000000
0.25321714 0.18693630 -0.94917643 3.47545291 0.96640174 -0.00410720 0.25700354 -2.84348689 0.04414484 -0.98236345 -0.18169558 0.62237084 0.00000000 0.00000000 0.00000000 1.00000000
0.24790900 0.18878286 -0.95021164 3.46737626 0.96779683 -0.00400795 0.25170067 -2.86487973 0.04370838 -0.98201068 -0.18369706 0.63636256 0.00000000 0.00000000 0.00000000 1.00000000
0.24260583 0.18360218 -0.95259260 3.47241122 0.96921651 -0.00338765 0.24618666 -2.88246011 0.04197336 -0.98299479 -0.17877213 0.63805167 0.00000000 0.00000000 0.00000000 1.00000000
0.23928896 0.17739313 -0.95460592 3.47729816 0.97013731 -0.00350372 0.24253109 -2.89901414 0.03967868 -0.98413383 -0.17293410 0.63689696 0.00000000 0.00000000 0.00000000 1.00000000
0.24038304 0.17251232 -0.95522536 3.47516754 0.96998246 -0.00544126 0.24311399 -2.91526312 0.03674253 -0.98499233 -0.16864191 0.63574799 0.00000000 0.00000000 0.00000000 1.00000000
0.24598331 0.16071009 -0.95585798 3.48857271 0.96880130 -0.00996833 0.24763819 -2.93499342 0.03026965 -0.98695132 -0.15814819 0.63212030 0.00000000 0.00000000 0.00000000 1.00000000
0.25400230 0.14658013 -0.95603195 3.49485910 0.96693106 -0.01501899 0.25459529 -2.94553757 0.02295998 -0.98908478 -0.14554774 0.61893550 0.00000000 0.00000000 0.00000000 1.00000000
0.26517405 0.13083288 -0.95528293 3.47746696 0.96407419 -0.01993674 0.26488391 -2.93401708 0.01561030 -0.99120396 -0.13141931 0.58587309 0.00000000 0.00000000 0.00000000 1.00000000
0.27535164 0.12293110 -0.95345132 3.46607930 0.96130525 -0.02635270 0.27422209 -2.90871567 0.00858441 -0.99206526 -0.12543057 0.57246583 0.00000000 0.00000000 0.00000000 1.00000000
0.28582205 0.11786525 -0.95100659 3.44640613 0.95828105 -0.03330975 0.28388005 -2.87079535 0.00178180 -0.99247078 -0.12246870 0.55393761 0.00000000 0.00000000 0.00000000 1.00000000
0.29739719 0.11510366 -0.94779009 3.40661402 0.95474235 -0.04072512 0.29463284 -2.81291657 -0.00468554 -0.99251832 -0.12200588 0.51555799 0.00000000 0.00000000 0.00000000 1.00000000
0.31287161 0.11745520 -0.94250498 3.34993958 0.94979519 -0.03939713 0.31038198 -2.74957440 -0.00067601 -0.99229640 -0.12388462 0.46108915 0.00000000 0.00000000 0.00000000 1.00000000
0.32448406 0.12393311 -0.93773700 3.28557674 0.94587074 -0.03599932 0.32254083 -2.68393587 0.00621560 -0.99163735 -0.12890591 0.40574335 0.00000000 0.00000000 0.00000000 1.00000000
0.32698090 0.13640412 -0.93513497 3.21284290 0.94491904 -0.03196274 0.32573975 -2.61598496 0.01454276 -0.99013752 -0.13934205 0.35512217 0.00000000 0.00000000 0.00000000 1.00000000
0.31763851 0.14410204 -0.93719815 3.12079041 0.94789443 -0.02268273 0.31777608 -2.50381705 0.02453397 -0.98930283 -0.14379842 0.32157970 0.00000000 0.00000000 0.00000000 1.00000000
0.30631278 0.14544968 -0.94075335 3.01664807 0.95136886 -0.01281960 0.30778719 -2.37906128 0.03270747 -0.98928259 -0.14230311 0.30861744 0.00000000 0.00000000 0.00000000 1.00000000
0.29553965 0.13675897 -0.94549104 2.89672996 0.95461071 -0.00386468 0.29783126 -2.24622032 0.03707708 -0.99059681 -0.13169374 0.32796058 0.00000000 0.00000000 0.00000000 1.00000000
0.29134455 0.12363156 -0.94859559 2.71956720 0.95565820 0.00679812 0.29439971 -2.09591303 0.04284576 -0.99230490 -0.11616892 0.35092752 0.00000000 0.00000000 0.00000000 1.00000000
0.22546588 -0.03823513 -0.97350049 1.37133174 0.97349129 0.04829662 0.22356686 -1.27723796 0.03846867 -0.99810095 0.04811080 0.21610081 0.00000000 0.00000000 0.00000000 1.00000000
0.22482832 -0.03841548 -0.97364084 1.35813122 0.97402075 0.03667734 0.22346893 -1.27193480 0.02712589 -0.99858852 0.04566358 0.29151879 0.00000000 0.00000000 0.00000000 1.00000000
0.23370628 -0.03183302 -0.97178600 1.39876396 0.97218416 0.02355296 0.23303051 -1.31298508 0.01547037 -0.99921565 0.03645203 0.37535658 0.00000000 0.00000000 0.00000000 1.00000000
0.24477607 -0.02910792 -0.96914261 1.46335177 0.96957670 0.00980812 0.24459113 -1.35548155 0.00238592 -0.99952815 0.03062316 0.45018874 0.00000000 0.00000000 0.00000000 1.00000000
0.25717726 -0.03396974 -0.96576701 1.55485284 0.96627602 -0.00446434 0.25746984 -1.39044819 -0.01305769 -0.99941289 0.03167602 0.50882045 0.00000000 0.00000000 0.00000000 1.00000000
0.26266362 -0.03288589 -0.96432689 1.67389647 0.96447016 -0.02044189 0.26339976 -1.39428870 -0.02837480 -0.99925004 0.02634812 0.55716785 0.00000000 0.00000000 0.00000000 1.00000000
0.26818019 -0.03016052 -0.96289653 1.78931385 0.96238279 -0.03682197 0.26919047 -1.39074228 -0.04357467 -0.99886660 0.01915104 0.59703664 0.00000000 0.00000000 0.00000000 1.00000000
0.27513444 -0.02604992 -0.96105278 1.89344082 0.95961781 -0.05349557 0.27617366 -1.38179315 -0.05860636 -0.99822824 0.01027949 0.62559055 0.00000000 0.00000000 0.00000000 1.00000000
0.28447177 -0.01623098 -0.95854701 1.96363400 0.95589218 -0.07145384 0.28489381 -1.35942813 -0.07311597 -0.99731184 -0.00481153 0.65518361 0.00000000 0.00000000 0.00000000 1.00000000
0.29713333 -0.00393186 -0.95482790 2.00562043 0.95085607 -0.08998927 0.29626790 -1.33379772 -0.08708915 -0.99593497 -0.02300018 0.68306520 0.00000000 0.00000000 0.00000000 1.00000000
0.31444541 0.01106729 -0.94921104 2.01031299 0.94396836 -0.10923343 0.31143506 -1.30569627 -0.10023884 -0.99395451 -0.04479512 0.70808743 0.00000000 0.00000000 0.00000000 1.00000000
0.33503358 0.01885666 -0.94201748 1.97336833 0.93610579 -0.12024907 0.33052400 -1.23106216 -0.10704415 -0.99256465 -0.05793930 0.67252267 0.00000000 0.00000000 0.00000000 1.00000000
0.35449762 0.03324684 -0.93446567 1.92224245 0.92884831 -0.12749391 0.34783059 -1.15918186 -0.10757441 -0.99128197 -0.07607756 0.61049057 0.00000000 0.00000000 0.00000000 1.00000000
0.37151283 0.05946006 -0.92652184 1.85700654 0.92308196 -0.13059387 0.36175258 -1.10049443 -0.09948824 -0.98965132 -0.10340381 0.51880842 0.00000000 0.00000000 0.00000000 1.00000000
0.38284070 0.09725277 -0.91868107 1.78378974 0.92093921 -0.11857373 0.37122936 -1.07908903 -0.07282835 -0.98817112 -0.13495874 0.39326741 0.00000000 0.00000000 0.00000000 1.00000000
0.38779543 0.12697541 -0.91295780 1.75372491 0.92054420 -0.10390196 0.37656707 -1.04120336 -0.04704334 -0.98644900 -0.15717918 0.29515158 0.00000000 0.00000000 0.00000000 1.00000000
0.34541389 0.01935361 -0.93825086 2.36156554 0.93635558 0.05965813 0.34594673 -0.88900746 0.06266961 -0.99803123 0.00248488 0.31141530 0.00000000 0.00000000 0.00000000 1.00000000
0.32978603 0.02157916 -0.94380904 2.28771400 0.94188032 0.06030893 0.33049100 -0.91104139 0.06405183 -0.99794648 -0.00043594 0.32899528 0.00000000 0.00000000 0.00000000 1.00000000
0.31495275 0.01762820 -0.94894363 2.18664989 0.94699472 0.06083664 0.31543606 -0.93670351 0.06329111 -0.99799206 0.00246685 0.32968298 0.00000000 0.00000000 0.00000000 1.00000000
0.30306451 0.00408946 -0.95296127 2.05722736 0.95103105 0.06246074 0.30271869 -0.96379643 0.06076063 -0.99803904 0.01504043 0.30413803 0.00000000 0.00000000 0.00000000 1.00000000
0.29336768 0.00237644 -0.95599674 1.94075818 0.95413092 0.06176793 0.29294866 -0.96475818 0.05974611 -0.99808771 0.01585328 0.27338600 0.00000000 0.00000000 0.00000000 1.00000000
0.28130384 0.00250495 -0.95961548 1.83377597 0.95783031 0.06029094 0.28093791 -0.95585420 0.05855986 -0.99817770 0.01456076 0.24037995 0.00000000 0.00000000 0.00000000 1.00000000
0.26542475 0.00355411 -0.96412503 1.73869609 0.96245220 0.05802015 0.26517810 -0.93647925 0.05688115 -0.99830909 0.01197933 0.20486224 0.00000000 0.00000000 0.00000000 1.00000000
0.25369313 -0.01249249 -0.96720408 1.63508947 0.96624543 0.04961346 0.25280087 -0.91623876 0.04482823 -0.99869036 0.02465741 0.21726867 0.00000000 0.00000000 0.00000000 1.00000000
0.24261643 -0.02932070 -0.96967910 1.53258054 0.96953657 0.04205677 0.24130907 -0.89579710 0.03370622 -0.99868490 0.03863116 0.22979453 0.00000000 0.00000000 0.00000000 1.00000000
0.23204884 -0.04482053 -0.97167096 1.43293708 0.97237268 0.03676441 0.23052058 -0.87522656 0.02539086 -0.99831834 0.05211340 0.23545462 0.00000000 0.00000000 0.00000000 1.00000000
0.21899381 -0.06181117 -0.97376645 1.33530807 0.97560179 0.02981080 0.21751428 -0.83919659 0.01558394 -0.99764257 0.06683147 0.25580552 0.00000000 0.00000000 0.00000000 1.00000000
0.20570667 -0.07767981 -0.97552581 1.24260309 0.97859046 0.02319739 0.20450572 -0.80258488 0.00674369 -0.99670845 0.08078858 0.26433018 0.00000000 0.00000000 0.00000000 1.00000000
0.19255588 -0.09177713 -0.97698475 1.15669834 0.98128584 0.01741754 0.19176740 -0.76736828 -0.00058319 -0.99562723 0.09341344 0.25381346 0.00000000 0.00000000 0.00000000 1.00000000
0.17579678 -0.08660210 -0.98060979 1.10094682 0.98435725 0.00365040 0.17614621 -0.71885208 -0.01167502 -0.99623629 0.08588914 0.28000115 0.00000000 0.00000000 0.00000000 1.00000000
0.16053713 -0.07875213 -0.98388309 1.04459681 0.98676533 -0.01026856 0.16182933 -0.66095836 -0.02284747 -0.99684134 0.07606139 0.30619541 0.00000000 0.00000000 0.00000000 1.00000000
0.14789914 -0.06988621 -0.98653016 0.98331118 0.98843396 -0.02337155 0.14984020 -0.59157896 -0.03352850 -0.99728115 0.06562127 0.32740309 0.00000000 0.00000000 0.00000000 1.00000000
0.12474038 -0.00970353 -0.99214197 0.69117654 0.99152252 -0.03543756 0.12500909 -0.19396445 -0.03637212 -0.99932478 0.00520077 0.37963378 0.00000000 0.00000000 0.00000000 1.00000000
0.12643769 -0.00475458 -0.99196316 0.67682879 0.99151976 -0.02967159 0.12652340 -0.22135612 -0.03003469 -0.99954839 0.00096266 0.32592658 0.00000000 0.00000000 0.00000000 1.00000000
0.12447282 0.00559694 -0.99220723 0.66043198 0.99197841 -0.02290484 0.12431491 -0.26902926 -0.02203056 -0.99972198 -0.00840308 0.23854158 0.00000000 0.00000000 0.00000000 1.00000000
0.11754364 0.01507082 -0.99295335 0.66872920 0.99295283 -0.01699293 0.11728566 -0.33005235 -0.01510559 -0.99974202 -0.01696203 0.16131559 0.00000000 0.00000000 0.00000000 1.00000000
0.11133169 0.01830712 -0.99361467 0.68653463 0.99375138 -0.01006538 0.11116155 -0.39563576 -0.00796607 -0.99978174 -0.01931332 0.12339606 0.00000000 0.00000000 0.00000000 1.00000000
0.10672900 0.01326287 -0.99419969 0.71438300 0.99428809 -0.00176188 0.10671498 -0.46584796 -0.00033632 -0.99991049 -0.01337515 0.13725557 0.00000000 0.00000000 0.00000000 1.00000000
0.10020253 0.01356849 -0.99487454 0.77468905 0.99495235 0.00407162 0.10026590 -0.56463004 0.00541121 -0.99989965 -0.01309202 0.20010268 0.00000000 0.00000000 0.00000000 1.00000000
0.09008367 0.01415580 -0.99583359 0.85235065 0.99586890 0.01016979 0.09023142 -0.66880499 0.01140471 -0.99984808 -0.01318119 0.26186283 0.00000000 0.00000000 0.00000000 1.00000000
0.07535409 0.01452331 -0.99705107 0.94984164 0.99699567 0.01687956 0.07559577 -0.77719619 0.01792769 -0.99975205 -0.01320773 0.31702325 0.00000000 0.00000000 0.00000000 1.00000000
0.05968007 0.00716995 -0.99819181 1.06687964 0.99786280 0.02622881 0.05984880 -0.89260876 0.02661050 -0.99963025 -0.00558929 0.36367512 0.00000000 0.00000000 0.00000000 1.00000000
0.04146199 -0.00482560 -0.99912843 1.18626316 0.99840131 0.03864800 0.04124516 -0.99756107 0.03841528 -0.99924124 0.00642031 0.38391156 0.00000000 0.00000000 0.00000000 1.00000000
0.02008395 -0.02230971 -0.99954935 1.30679936 0.99832379 0.05472421 0.01883789 -1.08784743 0.05427928 -0.99825224 0.02337139 0.36982662 0.00000000 0.00000000 0.00000000 1.00000000
-0.00608299 -0.04855319 -0.99880208 1.45116933 0.99775022 0.06639233 -0.00930401 -1.15440837 0.06676453 -0.99661158 0.04804009 0.32147887 0.00000000 0.00000000 0.00000000 1.00000000
-0.03341515 -0.06776955 -0.99714127 1.60000287 0.99688418 0.06906724 -0.03810061 -1.20325619 0.07145186 -0.99530749 0.06525050 0.28750348 0.00000000 0.00000000 0.00000000 1.00000000
-0.06214045 -0.07650818 -0.99513068 1.75226289 0.99589849 0.06094326 -0.06687387 -1.23133712 0.06576291 -0.99520471 0.07240734 0.27590193 0.00000000 0.00000000 0.00000000 1.00000000
-0.09578107 -0.07909947 -0.99225463 1.90974726 0.99373374 0.05009738 -0.09991746 -1.21806872 0.05761278 -0.99560711 0.07380543 0.25566994 0.00000000 0.00000000 0.00000000 1.00000000
-0.04664604 0.16791507 -0.98469725 2.54794182 0.99760893 -0.04249407 -0.05450396 -1.09254416 -0.05099584 -0.98488516 -0.16553139 0.46606130 0.00000000 0.00000000 0.00000000 1.00000000
-0.01048585 0.15164230 -0.98837981 2.50631091 0.99935683 -0.03230851 -0.01555925 -1.04016437 -0.03429252 -0.98790727 -0.15120599 0.35928095 0.00000000 0.00000000 0.00000000 1.00000000
0.02446738 0.13381097 -0.99070478 2.13759573 0.99954876 -0.02054777 0.02191049 -0.99797676 -0.01742491 -0.99079383 -0.13425334 0.28694367 0.00000000 0.00000000 0.00000000 1.00000000
0.05705510 0.11164262 -0.99210919 1.70183044 0.99834751 -0.01320132 0.05592831 -0.94432667 -0.00685317 -0.99366073 -0.11221133 0.24622799 0.00000000 0.00000000 0.00000000 1.00000000
0.08655447 0.08380636 -0.99271588 1.20669165 0.99623828 -0.01147953 0.08589247 -0.87562868 -0.00419757 -0.99641593 -0.08448470 0.24240176 0.00000000 0.00000000 0.00000000 1.00000000
0.11752921 0.06245235 -0.99110372 0.70255355 0.99305896 -0.01197197 0.11700669 -0.77892028 -0.00455813 -0.99797614 -0.06342592 0.25179924 0.00000000 0.00000000 0.00000000 1.00000000
0.13925985 0.04473879 -0.98924473 0.29008971 0.99023973 -0.01199582 0.13885741 -0.70479888 -0.00565449 -0.99892669 -0.04597266 0.25012934 0.00000000 0.00000000 0.00000000 1.00000000
0.14956082 0.03110560 -0.98826312 -0.00851300 0.98872787 -0.01176364 0.14926090 -0.66042026 -0.00698273 -0.99944688 -0.03251436 0.23391992 0.00000000 0.00000000 0.00000000 1.00000000
0.18494520 -0.00203438 -0.98274673 -0.05805816 0.98242111 -0.02544072 0.18493658 -0.62636061 -0.02537802 -0.99967426 -0.00270652 0.26559450 0.00000000 0.00000000 0.00000000 1.00000000
0.23685054 -0.03654689 -0.97085846 -0.04495931 0.97014761 -0.04470116 0.23835985 -0.59994502 -0.05210981 -0.99833167 0.02486838 0.32712137 0.00000000 0.00000000 0.00000000 1.00000000
0.30636593 -0.07223057 -0.94916946 0.02857613 0.94782788 -0.06914019 0.31119438 -0.58239900 -0.08810350 -0.99498863 0.04727995 0.42216719 0.00000000 0.00000000 0.00000000 1.00000000
0.37275870 -0.10016841 -0.92250596 0.13282972 0.91996303 -0.09008749 0.38151314 -0.55821829 -0.12132181 -0.99088371 0.05857034 0.50086075 0.00000000 0.00000000 0.00000000 1.00000000
0.43406528 -0.13025767 -0.89141476 0.22928425 0.88941114 -0.09543390 0.44703489 -0.56697873 -0.14330091 -0.98687654 0.07442808 0.55866745 0.00000000 0.00000000 0.00000000 1.00000000
0.49030329 -0.16157416 -0.85644408 0.31384581 0.85811183 -0.08241306 0.50680586 -0.61603342 -0.15246891 -0.98341338 0.09824130 0.59231965 0.00000000 0.00000000 0.00000000 1.00000000
0.52172030 -0.11253813 -0.84566134 0.24429025 0.84664313 -0.05358257 0.52945662 -0.64841762 -0.10489676 -0.99220163 0.06732452 0.54665360 0.00000000 0.00000000 0.00000000 1.00000000
0.54460527 -0.03938051 -0.83776743 0.12088397 0.83760200 -0.02538331 0.54569091 -0.66692340 -0.04275490 -0.99890183 0.01916131 0.46966282 0.00000000 0.00000000 0.00000000 1.00000000
0.52144127 -0.21201169 -0.82652892 0.17391917 0.83386950 -0.07885647 0.54629966 -1.02369810 -0.18099907 -0.97408044 0.13567107 0.38367136 0.00000000 0.00000000 0.00000000 1.00000000
0.52385202 -0.21949614 -0.82304344 0.19641709 0.82634722 -0.10352507 0.55356375 -1.07666160 -0.20671074 -0.97010515 0.12714821 0.41096953 0.00000000 0.00000000 0.00000000 1.00000000
0.52710950 -0.21219013 -0.82287965 0.20617506 0.82235216 -0.11673899 0.55687426 -1.12228883 -0.21422536 -0.97023057 0.11296078 0.45193662 0.00000000 0.00000000 0.00000000 1.00000000
0.53131048 -0.18708235 -0.82626229 0.20140527 0.82292496 -0.11772439 0.55581964 -1.15729602 -0.20125527 -0.97526466 0.09140653 0.50718124 0.00000000 0.00000000 0.00000000 1.00000000
0.54351732 -0.15562259 -0.82484576 0.17422021 0.82119227 -0.10496886 0.56091425 -1.18329669 -0.17387405 -0.98222357 0.07074367 0.54003070 0.00000000 0.00000000 0.00000000 1.00000000
0.55835121 -0.12505695 -0.82012480 0.14038515 0.81614232 -0.09456825 0.57006014 -1.19462135 -0.14884775 -0.98763232 0.04926197 0.59363133 0.00000000 0.00000000 0.00000000 1.00000000
0.57607350 -0.09588336 -0.81175471 0.09989234 0.80745678 -0.08765915 0.58337759 -1.18942684 -0.12709394 -0.99152522 0.02692355 0.67211822 0.00000000 0.00000000 0.00000000 1.00000000
0.60931574 -0.07655010 -0.78922393 0.04022895 0.78462875 -0.08541895 0.61405319 -1.18384711 -0.11442051 -0.99340006 0.00801629 0.75505312 0.00000000 0.00000000 0.00000000 1.00000000
0.66970901 -0.06320417 -0.73992911 0.01928078 0.73426861 -0.09268202 0.67250253 -1.19349138 -0.11108309 -0.99368772 -0.01566115 0.82370899 0.00000000 0.00000000 0.00000000 1.00000000
0.75412956 -0.05793291 -0.65416541 0.04378436 0.64640044 -0.11045985 0.75496033 -1.22045240 -0.11599606 -0.99219071 -0.04585318 0.87585825 0.00000000 0.00000000 0.00000000 1.00000000
0.81821130 -0.07612459 -0.56985551 0.12313786 0.56154157 -0.10674784 0.82053395 -1.24892702 -0.12329366 -0.99136771 -0.04459517 0.87073895 0.00000000 0.00000000 0.00000000 1.00000000
0.87024903 -0.09559366 -0.48324785 0.21310524 0.47495913 -0.09743719 0.87459695 -1.29411247 -0.13069224 -0.99064012 -0.03939154 0.85184338 0.00000000 0.00000000 0.00000000 1.00000000
0.91096527 -0.11515042 -0.39608416 0.31290410 0.38853832 -0.08285948 0.91769945 -1.35810789 -0.13849281 -0.98988620 -0.03074176 0.81944184 0.00000000 0.00000000 0.00000000 1.00000000
0.94407425 -0.13272718 -0.30183987 0.37578671 0.29365296 -0.07791943 0.95273108 -1.43463596 -0.14997250 -0.98808505 -0.03458599 0.75227778 0.00000000 0.00000000 0.00000000 1.00000000
0.99820330 0.00589785 0.05962708 1.12925765 -0.05804145 -0.15192686 0.98668608 -1.91480955 0.01487829 -0.98837414 -0.15131157 0.44993302 0.00000000 0.00000000 0.00000000 1.00000000
0.99806685 0.02574640 0.05656585 1.13503288 -0.05208309 -0.15011179 0.98729621 -1.89417737 0.03391052 -0.98833374 -0.14848065 0.41667708 0.00000000 0.00000000 0.00000000 1.00000000
0.99799032 0.04270508 0.04681446 1.14045176 -0.04025537 -0.14327681 0.98886362 -1.86269371 0.04893692 -0.98876086 -0.14126976 0.38701216 0.00000000 0.00000000 0.00000000 1.00000000
0.99740339 0.06214683 0.03639020 1.13856910 -0.02753333 -0.13785112 0.99007019 -1.82793395 0.06654615 -0.98850131 -0.13578206 0.36149798 0.00000000 0.00000000 0.00000000 1.00000000
0.99611354 0.08432879 0.02542565 1.12885059 -0.01394915 -0.13398686 0.99088493 -1.78990075 0.08696683 -0.98738856 -0.13228981 0.34034023 0.00000000 0.00000000 0.00000000 1.00000000
0.99653690 0.08060206 0.02043311 1.12188607 -0.01132691 -0.11185667 0.99365979 -1.69783022 0.08237661 -0.99045010 -0.11055633 0.35926399 0.00000000 0.00000000 0.00000000 1.00000000
0.99763453 0.06623465 0.01839331 1.12864701 -0.01213002 -0.09375172 0.99552171 -1.60466958 0.06766244 -0.99338995 -0.09272653 0.36814845 0.00000000 0.00000000 0.00000000 1.00000000
0.99896502 0.04106101 0.01956737 1.14999004 -0.01622463 -0.08021935 0.99664518 -1.51135129 0.04249294 -0.99593115 -0.07947013 0.36554295 0.00000000 0.00000000 0.00000000 1.00000000
0.99952803 0.00684826 0.02994700 1.17334178 -0.02939011 -0.07055342 0.99707494 -1.38826875 0.00894109 -0.99748449 -0.07031885 0.29004202 0.00000000 0.00000000 0.00000000 1.00000000
0.99904053 -0.01776771 0.04002898 1.20724498 -0.04109300 -0.06422359 0.99708911 -1.26316262 -0.01514519 -0.99777735 -0.06489209 0.23300158 0.00000000 0.00000000 0.00000000 1.00000000
0.99826093 -0.03211948 0.04943135 1.25230476 -0.05134081 -0.06162764 0.99677789 -1.13629333 -0.02896965 -0.99758226 -0.06316950 0.19685644 0.00000000 0.00000000 0.00000000 1.00000000
0.99866944 -0.01922850 0.04784990 1.31200931 -0.04903797 -0.06698271 0.99654834 -1.04938233 -0.01595701 -0.99756884 -0.06783651 0.20879655 0.00000000 0.00000000 0.00000000 1.00000000
0.99881969 -0.00574464 0.04823106 1.35651965 -0.04851985 -0.07201870 0.99622243 -0.95347762 -0.00224940 -0.99738674 -0.07221243 0.22098643 0.00000000 0.00000000 0.00000000 1.00000000
0.99867691 0.00797680 0.05080155 1.38495718 -0.05004298 -0.07665600 0.99580096 -0.84762799 0.01183755 -0.99702569 -0.07615540 0.23279530 0.00000000 0.00000000 0.00000000 1.00000000
0.99388309 0.00517744 0.11031592 0.49018913 -0.11002079 -0.04025925 0.99311360 -0.20652774 0.00958302 -0.99917585 -0.03944336 0.22834726 0.00000000 0.00000000 0.00000000 1.00000000
0.99228385 0.01920518 0.12249052 0.37381684 -0.12164184 -0.04044283 0.99174979 -0.15233985 0.02400060 -0.99899727 -0.03779462 0.17486391 0.00000000 0.00000000 0.00000000 1.00000000
0.99053308 0.03835109 0.13180825 0.26049230 -0.13015148 -0.04290242 0.99056548 -0.11004384 0.04364416 -0.99834292 -0.03750482 0.11425495 0.00000000 0.00000000 0.00000000 1.00000000
0.98813641 0.04546388 0.14669517 0.15814380 -0.14447804 -0.04873865 0.98830696 -0.03492283 0.05208200 -0.99777632 -0.04159191 0.12357903 0.00000000 0.00000000 0.00000000 1.00000000
0.98580180 0.04944207 0.16046900 0.07538972 -0.15774563 -0.05480597 0.98595772 0.04295433 0.05754245 -0.99727217 -0.04622855 0.14429954 0.00000000 0.00000000 0.00000000 1.00000000
0.98361583 0.05028177 0.17312320 0.01226556 -0.16999290 -0.06102254 0.98355410 0.12351838 0.06001926 -0.99686910 -0.05147519 0.17636568 0.00000000 0.00000000 0.00000000 1.00000000
0.98133880 0.03819116 0.18845580 0.00762837 -0.18603089 -0.05939038 0.98074731 0.17581575 0.04864834 -0.99750399 -0.05117735 0.19066394 0.00000000 0.00000000 0.00000000 1.00000000
0.97899186 0.02923558 0.20179252 0.00732944 -0.19949668 -0.06720928 0.97759091 0.19986634 0.04214277 -0.99731048 -0.05996494 0.19902714 0.00000000 0.00000000 0.00000000 1.00000000
0.97675884 0.02315035 0.21308736 0.01139490 -0.21047856 -0.08428933 0.97395795 0.19608572 0.04050846 -0.99617236 -0.07745769 0.20156939 0.00000000 0.00000000 0.00000000 1.00000000
0.97493496 0.00680947 0.22238583 0.02639937 -0.22123874 -0.07618871 0.97223901 0.18488532 0.02356372 -0.99707016 -0.07277251 0.21633915 0.00000000 0.00000000 0.00000000 1.00000000
0.97350089 -0.00571271 0.22861187 0.03377306 -0.22844695 -0.06972630 0.97105625 0.17308032 0.01039290 -0.99754980 -0.06918367 0.23449254 0.00000000 0.00000000 0.00000000 1.00000000
0.97265499 -0.01451636 0.23180067 0.03357649 -0.23225271 -0.06498512 0.97048216 0.16084775 0.00097572 -0.99778064 -0.06657956 0.25598464 0.00000000 0.00000000 0.00000000 1.00000000
0.97151520 -0.02147150 0.23600250 0.01842415 -0.23689050 -0.06105207 0.96961618 0.17439616 -0.00641067 -0.99790361 -0.06439940 0.27241743 0.00000000 0.00000000 0.00000000 1.00000000
0.97063241 -0.02698122 0.23904966 0.01036181 -0.24023672 -0.05662052 0.96906163 0.16690214 -0.01261134 -0.99803113 -0.06143959 0.28567967 0.00000000 0.00000000 0.00000000 1.00000000
0.97102247 0.03278406 0.23672889 0.20657890 -0.23379766 -0.07501229 0.96938734 -0.06624031 0.04953803 -0.99664355 -0.06517379 0.20911583 0.00000000 0.00000000 0.00000000 1.00000000
0.97285944 0.02873035 0.22960633 0.23396963 -0.22699778 -0.07406701 0.97107471 -0.09212022 0.04490557 -0.99683933 -0.06553506 0.23821278 0.00000000 0.00000000 0.00000000 1.00000000
0.97493648 0.02372685 0.22121461 0.26048191 -0.21902229 -0.07234571 0.97303409 -0.11775251 0.03909096 -0.99709735 -0.06533576 0.26756943 0.00000000 0.00000000 0.00000000 1.00000000
0.97718873 0.01774143 0.21163042 0.28626036 -0.20993596 -0.06982723 0.97521846 -0.14348460 0.03207934 -0.99740132 -0.06450982 0.29708535 0.00000000 0.00000000 0.00000000 1.00000000
0.97935679 0.00739846 0.20200379 0.31666428 -0.20116493 -0.06232662 0.97757254 -0.18763989 0.01982275 -0.99802838 -0.05955169 0.32222856 0.00000000 0.00000000 0.00000000 1.00000000
0.98157569 0.00840081 0.19088894 0.33776570 -0.19007104 -0.05928222 0.97997889 -0.23738737 0.01954894 -0.99820591 -0.05659324 0.31837144 0.00000000 0.00000000 0.00000000 1.00000000
0.98372627 0.01970155 0.17859025 0.35033986 -0.17713413 -0.06018384 0.98234485 -0.29152559 0.03010196 -0.99799286 -0.05571460 0.28813394 0.00000000 0.00000000 0.00000000 1.00000000
0.98393030 0.02307272 0.17705596 0.36410757 -0.17533593 -0.06253299 0.98252071 -0.31005673 0.03374126 -0.99777616 -0.05748263 0.26863061 0.00000000 0.00000000 0.00000000 1.00000000
0.98383255 0.02443209 0.17741645 0.37518076 -0.17564180 -0.06185180 0.98250919 -0.31516333 0.03497828 -0.99778626 -0.05656052 0.24752593 0.00000000 0.00000000 0.00000000 1.00000000
0.98346775 0.02393733 0.17949428 0.38373813 -0.17786246 -0.05843059 0.98231910 -0.30802084 0.03400205 -0.99800444 -0.05320705 0.22509790 0.00000000 0.00000000 0.00000000 1.00000000
0.98315000 0.02229495 0.18143595 0.38959266 -0.17998122 -0.05558915 0.98209806 -0.29935846 0.03198170 -0.99820478 -0.05063980 0.20830698 0.00000000 0.00000000 0.00000000 1.00000000
0.98313590 0.01675814 0.18210705 0.37053462 -0.18107680 -0.05015381 0.98218928 -0.30125720 0.02559302 -0.99860090 -0.04627350 0.19837328 0.00000000 0.00000000 0.00000000 1.00000000
0.98334568 0.00760728 0.18158581 0.33009374 -0.18111012 -0.04242939 0.98254714 -0.31231650 0.01517909 -0.99907051 -0.04034500 0.19515529 0.00000000 0.00000000 0.00000000 1.00000000
0.98400454 -0.00449583 0.17808664 0.33409620 -0.17813016 -0.03701116 0.98331064 -0.30803341 0.00217040 -0.99930474 -0.03721999 0.21177132 0.00000000 0.00000000 0.00000000 1.00000000
